날짜,요일,객수
2015-10-15,목,1
2015-10-16,금,4
2015-10-17,토,17
2015-10-18,일,7
2015-10-19,월,17
2015-10-20,화,20
2015-10-21,수,32
2015-10-22,목,24
2015-10-23,금,22
2015-10-24,토,43
2015-10-25,일,23
2015-10-26,월,26
2015-10-27,화,35
2015-10-28,수,34
2015-10-29,목,31
2015-10-30,금,34
2015-10-31,토,41
2015-11-01,일,50
2015-11-02,월,28
2015-11-03,화,29
2015-11-04,수,33
2015-11-05,목,26
2015-11-06,금,41
2015-11-07,토,59
2015-11-08,일,64
2015-11-09,월,31
2015-11-10,화,19
2015-11-11,수,28
2015-11-12,목,24
2015-11-13,금,50
2015-11-14,토,53
2015-11-15,일,54
2015-11-16,월,34
2015-11-17,화,37
2015-11-18,수,33
2015-11-19,목,32
2015-11-20,금,47
2015-11-21,토,49
2015-11-22,일,47
2015-11-23,월,32
2015-11-24,화,48
2015-11-25,수,30
2015-11-26,목,36
2015-11-27,금,44
2015-11-28,토,64
2015-11-29,일,63
2015-11-30,월,33
2015-12-01,화,49
2015-12-02,수,32
2015-12-03,목,52
2015-12-04,금,51
2015-12-05,토,61
2015-12-06,일,53
2015-12-07,월,33
2015-12-08,화,41
2015-12-09,수,27
2015-12-10,목,45
2015-12-11,금,56
2015-12-12,토,60
2015-12-13,일,51
2015-12-14,월,47
2015-12-15,화,39
2015-12-16,수,39
2015-12-17,목,46
2015-12-18,금,50
2015-12-19,토,51
2015-12-20,일,56
2015-12-21,월,24
2015-12-22,화,39
2015-12-23,수,26
2015-12-24,목,64
2015-12-25,금,63
2015-12-26,토,53
2015-12-27,일,44
2015-12-28,월,29
2015-12-29,화,28
2015-12-30,수,34
2015-12-31,목,62
2016-01-01,금,45
2016-01-02,토,41
2016-01-03,일,26
2016-01-04,월,30
2016-01-05,화,27
2016-01-06,수,41
2016-01-07,목,23
2016-01-08,금,51
2016-01-09,토,41
2016-01-10,일,43
2016-01-11,월,18
2016-01-12,화,26
2016-01-13,수,25
2016-01-14,목,27
2016-01-15,금,44
2016-01-16,토,43
2016-01-17,일,50
2016-01-18,월,50
2016-01-19,화,25
2016-01-20,수,32
2016-01-21,목,26
2016-01-22,금,51
2016-01-23,토,27
2016-01-25,월,36
2016-01-26,화,39
2016-01-27,수,35
2016-01-28,목,47
2016-01-29,금,41
2016-01-30,토,46
2016-01-31,일,34
2016-02-01,월,38
2016-02-02,화,42
2016-02-03,수,28
2016-02-04,목,32
2016-02-05,금,35
2016-02-06,토,38
2016-02-07,일,57
2016-02-08,월,71
2016-02-09,화,61
2016-02-10,수,56
2016-02-11,목,38
2016-02-12,금,53
2016-02-13,토,65
2016-02-14,일,38
2016-02-15,월,50
2016-02-16,화,21
2016-02-17,수,39
2016-02-18,목,39
2016-02-19,금,38
2016-02-20,토,50
2016-02-21,일,53
2016-02-22,월,36
2016-02-23,화,34
2016-02-24,수,35
2016-02-25,목,40
2016-02-26,금,47
2016-02-27,토,44
2016-02-28,일,28
2016-02-29,월,45
2016-03-01,화,53
2016-03-02,수,28
2016-03-03,목,29
2016-03-04,금,44
2016-03-05,토,52
2016-03-06,일,34
2016-03-07,월,28
2016-03-08,화,31
2016-03-09,수,37
2016-03-10,목,36
2016-03-11,금,50
2016-03-12,토,34
2016-03-13,일,45
2016-03-14,월,48
2016-03-15,화,23
2016-03-16,수,38
2016-03-17,목,28
2016-03-18,금,39
2016-03-19,토,47
2016-03-20,일,34
2016-03-21,월,21
2016-03-22,화,32
2016-03-23,수,23
2016-03-24,목,30
2016-03-25,금,32
2016-03-26,토,51
2016-03-27,일,51
2016-03-28,월,28
2016-03-29,화,23
2016-03-30,수,30
2016-03-31,목,31
2016-04-01,금,35
2016-04-02,토,44
2016-04-03,일,56
2016-04-04,월,43
2016-04-05,화,35
2016-04-06,수,40
2016-04-07,목,33
2016-04-08,금,44
2016-04-09,토,47
2016-04-10,일,55
2016-04-11,월,46
2016-04-12,화,42
2016-04-13,수,43
2016-04-14,목,28
2016-04-15,금,39
2016-04-16,토,66
2016-04-17,일,52
2016-04-18,월,27
2016-04-19,화,37
2016-04-20,수,53
2016-04-21,목,39
2016-04-22,금,54
2016-04-23,토,62
2016-04-24,일,48
2016-04-25,월,36
2016-04-26,화,33
2016-04-27,수,45
2016-04-28,목,49
2016-04-29,금,50
2016-04-30,토,55
2016-05-01,일,42
2016-05-02,월,52
2016-05-03,화,62
2016-05-04,수,33
2016-05-05,목,53
2016-05-06,금,50
2016-05-07,토,50
2016-05-08,일,45
2016-05-09,월,32
2016-05-10,화,52
2016-05-11,수,33
2016-05-12,목,27
2016-05-13,금,24
2016-05-14,토,47
2016-05-15,일,36
2016-05-16,월,36
2016-05-17,화,33
2016-05-18,수,21
2016-05-19,목,23
2016-05-20,금,30
2016-05-21,토,41
2016-05-22,일,44
2016-05-23,월,30
2016-05-24,화,43
2016-05-25,수,26
2016-05-26,목,24
2016-05-27,금,34
2016-05-28,토,45
2016-05-29,일,47
2016-05-30,월,32
2016-05-31,화,35
2016-06-01,수,38
2016-06-02,목,31
2016-06-03,금,33
2016-06-04,토,45
2016-06-05,일,34
2016-06-06,월,43
2016-06-07,화,37
2016-06-08,수,31
2016-06-09,목,34
2016-06-10,금,37
2016-06-11,토,45
2016-06-12,일,39
2016-06-13,월,36
2016-06-14,화,38
2016-06-15,수,29
2016-06-16,목,30
2016-06-17,금,47
2016-06-18,토,49
2016-06-19,일,50
2016-06-20,월,45
2016-06-21,화,37
2016-06-22,수,31
2016-06-23,목,32
2016-06-24,금,38
2016-06-25,토,41
2016-06-26,일,37
2016-06-27,월,28
2016-06-28,화,35
2016-06-29,수,29
2016-06-30,목,24
2016-07-01,금,39
2016-07-02,토,36
2016-07-04,월,28
2016-07-05,화,49
2016-07-06,수,31
2016-07-07,목,31
2016-07-08,금,37
2016-07-09,토,34
2016-07-10,일,26
2016-07-11,월,26
2016-07-12,화,30
2016-07-13,수,17
2016-07-14,목,20
2016-07-15,금,31
2016-07-16,토,34
2016-07-17,일,50
2016-07-18,월,25
2016-07-19,화,40
2016-07-20,수,24
2016-07-21,목,27
2016-07-22,금,30
2016-07-23,토,40
2016-07-24,일,29
2016-07-25,월,32
2016-07-26,화,39
2016-07-27,수,46
2016-07-28,목,23
2016-07-29,금,40
2016-07-30,토,53
2016-07-31,일,51
2016-08-01,월,19
2016-08-02,화,55
2016-08-03,수,38
2016-08-04,목,43
2016-08-05,금,44
2016-08-06,토,44
2016-08-07,일,61
2016-08-08,월,63
2016-08-09,화,57
2016-08-10,수,36
2016-08-11,목,40
2016-08-12,금,46
2016-08-13,토,54
2016-08-14,일,57
2016-08-15,월,48
2016-08-16,화,46
2016-08-17,수,41
2016-08-18,목,32
2016-08-19,금,45
2016-08-20,토,50
2016-08-21,일,48
2016-08-22,월,43
2016-08-23,화,39
2016-08-24,수,6
2016-08-25,목,28
2016-08-26,금,55
2016-08-27,토,58
2016-08-28,일,49
2016-08-29,월,28
2016-08-30,화,42
2016-08-31,수,38
2016-09-01,목,43
2016-09-02,금,49
2016-09-03,토,55
2016-09-04,일,43
2016-09-05,월,48
2016-09-06,화,49
2016-09-07,수,39
2016-09-08,목,42
2016-09-09,금,36
2016-09-10,토,63
2016-09-11,일,44
2016-09-12,월,41
2016-09-13,화,45
2016-09-14,수,43
2016-09-15,목,56
2016-09-16,금,49
2016-09-17,토,54
2016-09-18,일,48
2016-09-19,월,50
2016-09-20,화,43
2016-09-21,수,31
2016-09-22,목,27
2016-09-23,금,38
2016-09-24,토,47
2016-09-25,일,35
2016-09-26,월,48
2016-09-27,화,39
2016-09-28,수,30
2016-09-29,목,25
2016-09-30,금,37
2016-10-01,토,48
2016-10-02,일,47
2016-10-03,월,39
2016-10-04,화,37
2016-10-05,수,26
2016-10-06,목,35
2016-10-07,금,46
2016-10-08,토,57
2016-10-09,일,49
2016-10-10,월,45
2016-10-11,화,47
2016-10-12,수,27
2016-10-13,목,35
2016-10-14,금,41
2016-10-15,토,46
2016-10-16,일,51
2016-10-17,월,24
2016-10-18,화,42
2016-10-19,수,46
2016-10-20,목,23
2016-10-21,금,37
2016-10-22,토,35
2016-10-23,일,43
2016-10-24,월,16
2016-10-25,화,37
2016-10-26,수,35
2016-10-27,목,27
2016-10-28,금,56
2016-10-29,토,38
2016-10-30,일,51
2016-10-31,월,36
2016-11-01,화,41
2016-11-02,수,27
2016-11-03,목,27
2016-11-04,금,44
2016-11-05,토,47
2016-11-06,일,51
2016-11-07,월,29
2016-11-08,화,46
2016-11-09,수,35
2016-11-10,목,35
2016-11-11,금,36
2016-11-12,토,56
2016-11-13,일,65
2016-11-14,월,38
2016-11-15,화,47
2016-11-16,수,25
2016-11-17,목,33
2016-11-18,금,42
2016-11-19,토,66
2016-11-20,일,42
2016-11-21,월,37
2016-11-22,화,36
2016-11-23,수,31
2016-11-24,목,27
2016-11-25,금,38
2016-11-26,토,34
2016-11-27,일,45
2016-11-28,월,42
2016-11-29,화,41
2016-11-30,수,39
2016-12-01,목,60
2016-12-02,금,43
2016-12-03,토,47
2016-12-04,일,63
2016-12-05,월,33
2016-12-06,화,36
2016-12-07,수,26
2016-12-08,목,79
2016-12-09,금,48
2016-12-10,토,67
2016-12-11,일,53
2016-12-12,월,31
2016-12-13,화,64
2016-12-14,수,22
2016-12-15,목,60
2016-12-16,금,42
2016-12-17,토,41
2016-12-18,일,43
2016-12-19,월,21
2016-12-20,화,34
2016-12-21,수,29
2016-12-22,목,41
2016-12-23,금,30
2016-12-24,토,55
2016-12-25,일,41
2016-12-26,월,37
2016-12-27,화,40
2016-12-28,수,28
2016-12-29,목,46
2016-12-30,금,31
2016-12-31,토,39
2017-01-01,일,37
2017-01-02,월,23
2017-01-03,화,29
2017-01-04,수,30
2017-01-05,목,21
2017-01-06,금,28
2017-01-07,토,36
2017-01-08,일,41
2017-01-10,화,47
2017-01-11,수,25
2017-01-12,목,28
2017-01-13,금,32
2017-01-16,월,39
2017-01-17,화,35
2017-01-18,수,14
2017-01-19,목,20
2017-01-20,금,36
2017-01-21,토,23
2017-01-22,일,35
2017-01-23,월,30
2017-01-24,화,37
2017-01-25,수,25
2017-01-26,목,35
2017-01-27,금,43
2017-01-28,토,41
2017-01-29,일,48
2017-01-30,월,32
2017-01-31,화,38
2017-02-01,수,19
2017-02-02,목,28
2017-02-03,금,47
2017-02-04,토,40
2017-02-05,일,46
2017-02-06,월,40
2017-02-07,화,48
2017-02-08,수,31
2017-02-09,목,62
2017-02-10,금,39
2017-02-11,토,61
2017-02-12,일,50
2017-02-13,월,40
2017-02-14,화,56
2017-02-15,수,28
2017-02-16,목,48
2017-02-17,금,49
2017-02-18,토,45
2017-02-19,일,37
2017-02-20,월,48
2017-02-21,화,56
2017-02-22,수,50
2017-02-23,목,64
2017-02-24,금,44
2017-02-25,토,45
2017-02-26,일,38
2017-02-27,월,47
2017-02-28,화,50
2017-03-01,수,78
2017-03-02,목,32
2017-03-03,금,33
2017-03-04,토,36
2017-03-05,일,39
2017-03-06,월,39
2017-03-07,화,51
2017-03-08,수,44
2017-03-09,목,30
2017-03-10,금,50
2017-03-11,토,62
2017-03-12,일,30
2017-03-13,월,28
2017-03-14,화,58
2017-03-15,수,56
2017-03-16,목,29
2017-03-17,금,28
2017-03-18,토,40
2017-03-19,일,38
2017-03-20,월,28
2017-03-21,화,43
2017-03-22,수,48
2017-03-23,목,23
2017-03-24,금,32
2017-03-25,토,55
2017-03-26,일,37
2017-03-27,월,3
2017-03-28,화,23
2017-03-29,수,29
2017-03-30,목,38
2017-03-31,금,39
2017-04-01,토,36
2017-04-02,일,31
2017-04-04,화,47
2017-04-05,수,37
2017-04-06,목,17
2017-04-07,금,20
2017-04-08,토,35
2017-04-09,일,39
2017-04-10,월,24
2017-04-11,화,37
2017-04-12,수,25
2017-04-13,목,23
2017-04-14,금,36
2017-04-15,토,39
2017-04-16,일,38
2017-04-17,월,23
2017-04-18,화,41
2017-04-19,수,26
2017-04-20,목,30
2017-04-21,금,38
2017-04-22,토,64
2017-04-23,일,31
2017-04-24,월,30
2017-04-25,화,46
2017-04-26,수,21
2017-04-27,목,30
2017-04-28,금,49
2017-04-29,토,46
2017-04-30,일,44
2017-05-01,월,23
2017-05-02,화,45
2017-05-03,수,34
2017-05-04,목,31
2017-05-05,금,36
2017-05-06,토,34
2017-05-07,일,38
2017-05-08,월,31
2017-05-09,화,81
2017-05-10,수,24
2017-05-11,목,26
2017-05-12,금,32
2017-05-13,토,55
2017-05-14,일,47
2017-05-15,월,35
2017-05-16,화,67
2017-05-17,수,25
2017-05-18,목,25
2017-05-19,금,24
2017-05-20,토,49
2017-05-21,일,38
2017-05-22,월,28
2017-05-23,화,46
2017-05-24,수,21
2017-05-25,목,29
2017-05-26,금,43
2017-05-27,토,51
2017-05-28,일,56
2017-05-29,월,31
2017-05-30,화,60
2017-05-31,수,31
2017-06-01,목,40
2017-06-02,금,32
2017-06-03,토,52
2017-06-04,일,68
2017-06-05,월,3
2017-06-06,화,91
2017-06-07,수,35
2017-06-08,목,38
2017-06-09,금,26
2017-06-10,토,45
2017-06-11,일,51
2017-06-12,월,1
2017-06-13,화,38
2017-06-14,수,25
2017-06-15,목,30
2017-06-16,금,42
2017-06-17,토,50
2017-06-18,일,60
2017-06-19,월,40
2017-06-20,화,53
2017-06-22,목,29
2017-06-23,금,27
2017-06-24,토,47
2017-06-25,일,49
2017-06-27,화,48
2017-06-28,수,22
2017-06-29,목,27
2017-06-30,금,49
2017-07-01,토,48
2017-07-02,일,42
2017-07-04,화,61
2017-07-05,수,21
2017-07-06,목,24
2017-07-07,금,30
2017-07-08,토,35
2017-07-09,일,34
2017-07-11,화,35
2017-07-12,수,41
2017-07-13,목,21
2017-07-14,금,38
2017-07-15,토,35
2017-07-16,일,33
2017-07-17,월,49
2017-07-18,화,39
2017-07-20,목,36
2017-07-21,금,42
2017-07-22,토,50
2017-07-23,일,47
2017-07-24,월,27
2017-07-25,화,36
2017-07-26,수,31
2017-07-27,목,25
2017-07-28,금,38
2017-07-31,월,42
2017-08-01,화,50
2017-08-02,수,35
2017-08-03,목,44
2017-08-04,금,35
2017-08-05,토,45
2017-08-06,일,60
2017-08-07,월,36
2017-08-08,화,40
2017-08-10,목,29
2017-08-11,금,62
2017-08-12,토,30
2017-08-13,일,38
2017-08-14,월,43
2017-08-15,화,58
2017-08-17,목,25
2017-08-18,금,35
2017-08-19,토,43
2017-08-20,일,36
2017-08-21,월,22
2017-08-22,화,32
2017-08-24,목,27
2017-08-25,금,37
2017-08-26,토,45
2017-08-27,일,49
2017-08-28,월,37
2017-08-29,화,40
2017-08-30,수,1
2017-08-31,목,61
2017-09-01,금,39
2017-09-02,토,36
2017-09-03,일,41
2017-09-04,월,21
2017-09-05,화,49
2017-09-07,목,26
2017-09-08,금,45
2017-09-09,토,54
2017-09-10,일,54
2017-09-12,화,47
2017-09-13,수,30
2017-09-14,목,35
2017-09-15,금,33
2017-09-16,토,52
2017-09-17,일,48
2017-09-19,화,58
2017-09-20,수,29
2017-09-21,목,26
2017-09-22,금,61
2017-09-23,토,71
2017-09-24,일,53
2017-09-26,화,47
2017-09-27,수,35
2017-09-28,목,41
2017-09-29,금,49
2017-09-30,토,42
2017-10-01,일,48
2017-10-02,월,44
2017-10-03,화,46
2017-10-04,수,77
2017-10-05,목,52
2017-10-06,금,51
2017-10-07,토,64
2017-10-08,일,57
2017-10-09,월,59
2017-10-10,화,49
2017-10-11,수,2
2017-10-12,목,46
2017-10-13,금,47
2017-10-14,토,52
2017-10-15,일,58
2017-10-17,화,40
2017-10-18,수,42
2017-10-19,목,40
2017-10-20,금,51
2017-10-21,토,52
2017-10-22,일,59
2017-10-24,화,47
2017-10-25,수,36
2017-10-26,목,34
2017-10-27,금,51
2017-10-28,토,52
2017-10-29,일,58
2017-10-31,화,44
2017-11-01,수,19
2017-11-02,목,23
2017-11-03,금,37
2017-11-04,토,36
2017-11-05,일,60
2017-11-07,화,33
2017-11-08,수,34
2017-11-09,목,35
2017-11-10,금,37
2017-11-11,토,45
2017-11-12,일,43
2017-11-14,화,46
2017-11-15,수,45
2017-11-16,목,49
2017-11-17,금,47
2017-11-18,토,45
2017-11-19,일,52
2017-11-21,화,34
2017-11-22,수,35
2017-11-23,목,47
2017-11-24,금,44
2017-11-25,토,57
2017-11-26,일,55
2017-11-27,월,7
2017-11-28,화,42
2017-11-29,수,32
2017-11-30,목,27
2017-12-01,금,45
2017-12-02,토,49
2017-12-03,일,48
2017-12-04,월,37
2017-12-05,화,55
2017-12-07,목,46
2017-12-08,금,41
2017-12-09,토,62
2017-12-10,일,72
2017-12-11,월,59
2017-12-12,화,55
2017-12-14,목,32
2017-12-15,금,29
2017-12-16,토,50
2017-12-17,일,51
2017-12-18,월,33
2017-12-19,화,29
2017-12-21,목,29
2017-12-22,금,34
2017-12-23,토,45
2017-12-24,일,76
2017-12-25,월,53
2017-12-26,화,42
2017-12-28,목,23
2017-12-29,금,37
2017-12-30,토,45
2017-12-31,일,47
2018-01-01,월,42
2018-01-02,화,43
2018-01-04,목,38
2018-01-05,금,26
2018-01-06,토,38
2018-01-07,일,41
2018-01-08,월,31
2018-01-09,화,41
2018-01-11,목,51
2018-01-12,금,44
2018-01-13,토,31
2018-01-15,월,27
2018-01-16,화,53
2018-01-17,수,29
2018-01-18,목,26
2018-01-19,금,41
2018-01-20,토,44
2018-01-21,일,30
2018-01-22,월,32
2018-01-23,화,37
2018-01-25,목,42
2018-01-26,금,45
2018-01-27,토,42
2018-01-28,일,33
2018-01-29,월,33
2018-01-30,화,39
2018-02-01,목,37
2018-02-02,금,32
2018-02-03,토,35
2018-02-04,일,30
2018-02-05,월,26
2018-02-06,화,33
2018-02-08,목,26
2018-02-09,금,47
2018-02-10,토,29
2018-02-11,일,34
2018-02-12,월,36
2018-02-13,화,52
2018-02-14,수,26
2018-02-15,목,41
2018-02-16,금,68
2018-02-17,토,25
2018-02-18,일,29
2018-02-19,월,34
2018-02-20,화,33
2018-02-21,수,15
2018-02-22,목,29
2018-02-23,금,28
2018-02-24,토,34
2018-02-25,일,38
2018-02-26,월,34
2018-02-27,화,31
2018-02-28,수,2
2018-03-01,목,46
2018-03-02,금,31
2018-03-03,토,32
2018-03-04,일,32
2018-03-05,월,16
2018-03-06,화,36
2018-03-08,목,38
2018-03-09,금,44
2018-03-10,토,31
2018-03-11,일,35
2018-03-12,월,31
2018-03-13,화,34
2018-03-15,목,31
2018-03-16,금,29
2018-03-17,토,40
2018-03-18,일,34
2018-03-19,월,25
2018-03-20,화,34
2018-03-22,목,34
2018-03-23,금,31
2018-03-24,토,41
2018-03-25,일,30
2018-03-26,월,36
2018-03-27,화,23
2018-03-29,목,23
2018-03-30,금,29
2018-03-31,토,43
2018-04-01,일,43
2018-04-02,월,25
2018-04-03,화,41
2018-04-05,목,29
2018-04-06,금,22
2018-04-07,토,36
2018-04-08,일,32
2018-04-09,월,25
2018-04-10,화,30
2018-04-12,목,27
2018-04-13,금,34
2018-04-14,토,54
2018-04-15,일,35
2018-04-16,월,29
2018-04-17,화,33
2018-04-18,수,1
2018-04-19,목,23
2018-04-20,금,32
2018-04-21,토,49
2018-04-22,일,53
2018-04-23,월,34
2018-04-24,화,45
2018-04-25,수,1
2018-04-26,목,26
2018-04-27,금,37
2018-04-28,토,34
2018-04-29,일,36
2018-04-30,월,36
2018-05-01,화,54
2018-05-02,수,1
2018-05-03,목,29
2018-05-04,금,31
2018-05-05,토,42
2018-05-06,일,51
2018-05-07,월,45
2018-05-08,화,45
2018-05-09,수,1
2018-05-10,목,35
2018-05-11,금,42
2018-05-12,토,51
2018-05-13,일,28
2018-05-14,월,35
2018-05-15,화,63
2018-05-16,수,1
2018-05-17,목,40
2018-05-18,금,32
2018-05-19,토,48
2018-05-20,일,37
2018-05-21,월,44
2018-05-22,화,60
2018-05-23,수,1
2018-05-24,목,49
2018-05-25,금,43
2018-05-26,토,47
2018-05-27,일,42
2018-05-28,월,36
2018-05-29,화,45
2018-05-30,수,45
2018-05-31,목,37
2018-06-01,금,38
2018-06-02,토,36
2018-06-03,일,49
2018-06-04,월,53
2018-06-05,화,48
2018-06-06,수,47
2018-06-07,목,28
2018-06-08,금,40
2018-06-09,토,44
2018-06-10,일,38
2018-06-11,월,46
2018-06-12,화,1
2018-06-13,수,60
2018-06-14,목,36
2018-06-15,금,48
2018-06-16,토,53
2018-06-17,일,39
2018-06-18,월,68
2018-06-19,화,44
2018-06-20,수,13
2018-06-21,목,26
2018-06-22,금,43
2018-06-23,토,65
2018-06-24,일,29
2018-06-25,월,28
2018-06-26,화,34
2018-06-27,수,42
2018-06-29,금,25
2018-06-30,토,52
2018-07-01,일,39
2018-07-02,월,31
2018-07-03,화,27
2018-07-05,목,27
2018-07-06,금,46
2018-07-07,토,37
2018-07-08,일,27
2018-07-09,월,25
2018-07-10,화,30
2018-07-12,목,21
2018-07-13,금,29
2018-07-14,토,25
2018-07-15,일,39
2018-07-16,월,20
2018-07-17,화,47
2018-07-19,목,26
2018-07-20,금,25
2018-07-21,토,30
2018-07-22,일,31
2018-07-23,월,31
2018-07-24,화,37
2018-07-26,목,33
2018-07-27,금,40
2018-07-28,토,33
2018-07-29,일,37
2018-07-31,화,26
2018-08-01,수,23
2018-08-02,목,30
2018-08-03,금,33
2018-08-04,토,33
2018-08-05,일,37
2018-08-06,월,1
2018-08-07,화,41
2018-08-08,수,28
2018-08-09,목,26
2018-08-10,금,41
2018-08-11,토,41
2018-08-12,일,43
2018-08-13,월,35
2018-08-14,화,38
2018-08-15,수,47
2018-08-16,목,42
2018-08-17,금,30
2018-08-18,토,28
2018-08-19,일,27
2018-08-20,월,23
2018-08-21,화,30
2018-08-22,수,9
2018-08-23,목,33
2018-08-24,금,43
2018-08-25,토,42
2018-08-26,일,35
2018-08-27,월,34
2018-08-28,화,36
2018-08-29,수,33
2018-08-30,목,29
2018-08-31,금,35
2018-09-01,토,59
2018-09-02,일,38
2018-09-03,월,33
2018-09-04,화,36
2018-09-05,수,33
2018-09-07,금,47
2018-09-08,토,38
2018-09-09,일,48
2018-09-10,월,36
2018-09-11,화,45
2018-09-12,수,46
2018-09-13,목,42
2018-09-14,금,44
2018-09-15,토,42
2018-09-16,일,53
2018-09-17,월,45
2018-09-18,화,28
2018-09-19,수,31
2018-09-20,목,40
2018-09-21,금,41
2018-09-22,토,34
2018-09-23,일,50
2018-09-24,월,61
2018-09-25,화,50
2018-09-26,수,50
2018-09-27,목,9
2018-09-28,금,47
2018-09-29,토,63
2018-09-30,일,44
2018-10-01,월,44
2018-10-02,화,52
2018-10-03,수,56
2018-10-04,목,4
2018-10-05,금,67
2018-10-06,토,69
2018-10-07,일,49
2018-10-08,월,48
2018-10-09,화,56
2018-10-10,수,43
2018-10-11,목,36
2018-10-12,금,56
2018-10-13,토,68
2018-10-14,일,73
2018-10-15,월,60
2018-10-16,화,59
2018-10-17,수,2
2018-10-18,목,53
2018-10-19,금,71
2018-10-20,토,80
2018-10-21,일,65
2018-10-22,월,41
2018-10-23,화,69
2018-10-25,목,64
2018-10-26,금,74
2018-10-27,토,67
2018-10-28,일,84
2018-10-29,월,58
2018-10-30,화,66
2018-10-31,수,39
2018-11-01,목,46
2018-11-02,금,52
2018-11-03,토,57
2018-11-04,일,49
2018-11-06,화,48
2018-11-07,수,43
2018-11-08,목,40
2018-11-09,금,54
2018-11-10,토,65
2018-11-11,일,60
2018-11-13,화,51
2018-11-14,수,42
2018-11-15,목,36
2018-11-16,금,53
2018-11-17,토,61
2018-11-18,일,50
2018-11-19,월,49
2018-11-20,화,52
2018-11-21,수,1
2018-11-22,목,36
2018-11-23,금,52
2018-11-24,토,49
2018-11-25,일,64
2018-11-26,월,42
2018-11-27,화,33
2018-11-28,수,33
2018-11-29,목,35
2018-11-30,금,49
2018-12-01,토,55
2018-12-02,일,50
2018-12-03,월,1
2018-12-04,화,45
2018-12-05,수,35
2018-12-06,목,38
2018-12-07,금,36
2018-12-08,토,56
2018-12-09,일,62
2018-12-10,월,22
2018-12-11,화,60
2018-12-12,수,38
2018-12-13,목,42
2018-12-14,금,42
2018-12-15,토,52
2018-12-16,일,45
2018-12-18,화,37
2018-12-19,수,56
2018-12-20,목,37
2018-12-21,금,38
2018-12-22,토,51
2018-12-23,일,46
2018-12-24,월,54
2018-12-25,화,81
2018-12-26,수,11
2018-12-27,목,38
2018-12-28,금,43
2018-12-29,토,58
2018-12-30,일,37
2018-12-31,월,69
2019-01-01,화,57
2019-01-02,수,16
2019-01-03,목,30
2019-01-04,금,40
2019-01-05,토,46
2019-01-06,일,33
2019-01-07,월,42
2019-01-08,화,38
2019-01-09,수,29
2019-01-10,목,36
2019-01-11,금,38
2019-01-12,토,48
2019-01-13,일,42
2019-01-14,월,36
2019-01-15,화,52
2019-01-16,수,38
2019-01-17,목,31
2019-01-18,금,45
2019-01-19,토,59
2019-01-20,일,24
2019-01-21,월,33
2019-01-22,화,42
2019-01-23,수,30
2019-01-24,목,34
2019-01-25,금,47
2019-01-26,토,47
2019-01-27,일,1
2019-01-28,월,2
2019-01-29,화,1
2019-01-30,수,24
2019-01-31,목,32
2019-02-01,금,41
2019-02-02,토,39
2019-02-03,일,54
2019-02-04,월,44
2019-02-05,화,78
2019-02-06,수,48
2019-02-07,목,38
2019-02-08,금,38
2019-02-09,토,43
2019-02-10,일,35
2019-02-11,월,47
2019-02-12,화,41
2019-02-13,수,43
2019-02-14,목,42
2019-02-15,금,56
2019-02-16,토,63
2019-02-17,일,38
2019-02-18,월,56
2019-02-19,화,44
2019-02-20,수,50
2019-02-21,목,39
2019-02-22,금,68
2019-02-23,토,62
2019-02-24,일,47
2019-02-25,월,64
2019-02-26,화,67
2019-02-27,수,32
2019-02-28,목,51
2019-03-01,금,48
2019-03-02,토,39
2019-03-03,일,29
2019-03-04,월,32
2019-03-05,화,31
2019-03-06,수,25
2019-03-07,목,26
2019-03-08,금,41
2019-03-09,토,50
2019-03-10,일,33
2019-03-11,월,21
2019-03-12,화,34
2019-03-13,수,40
2019-03-14,목,18
2019-03-15,금,33
2019-03-16,토,3
2019-03-17,일,13
2019-03-18,월,37
2019-03-19,화,37
2019-03-20,수,31
2019-03-21,목,23
2019-03-22,금,35
2019-03-23,토,33
2019-03-24,일,40
2019-03-25,월,27
2019-03-26,화,50
2019-03-27,수,20
2019-03-28,목,27
2019-03-29,금,41
2019-03-30,토,47
2019-03-31,일,39
2019-04-01,월,39
2019-04-02,화,43
2019-04-03,수,25
2019-04-04,목,33
2019-04-05,금,31
2019-04-06,토,39
2019-04-07,일,39
2019-04-08,월,35
2019-04-09,화,51
2019-04-10,수,18
2019-04-11,목,33
2019-04-12,금,46
2019-04-13,토,43
2019-04-14,일,47
2019-04-15,월,36
2019-04-16,화,51
2019-04-17,수,22
2019-04-18,목,30
2019-04-19,금,66
2019-04-20,토,52
2019-04-21,일,35
2019-04-22,월,25
2019-04-23,화,42
2019-04-24,수,42
2019-04-25,목,37
2019-04-26,금,49
2019-04-27,토,40
2019-04-28,일,54
2019-04-29,월,44
2019-04-30,화,57
2019-05-01,수,7
2019-05-02,목,39
2019-05-03,금,42
2019-05-04,토,28
2019-05-05,일,49
2019-05-06,월,39
2019-05-07,화,37
2019-05-08,수,39
2019-05-09,목,23
2019-05-10,금,44
2019-05-11,토,42
2019-05-12,일,37
2019-05-13,월,38
2019-05-14,화,49
2019-05-15,수,30
2019-05-16,목,33
2019-05-17,금,56
2019-05-18,토,53
2019-05-19,일,38
2019-05-20,월,30
2019-05-21,화,41
2019-05-22,수,12
2019-05-23,목,43
2019-05-24,금,40
2019-05-25,토,46
2019-05-26,일,29
2019-05-27,월,49
2019-05-28,화,30
2019-05-29,수,26
2019-05-30,목,33
2019-05-31,금,47
2019-06-01,토,31
2019-06-02,일,38
2019-06-03,월,29
2019-06-04,화,33
2019-06-05,수,34
2019-06-06,목,47
2019-06-07,금,48
2019-06-08,토,38
2019-06-09,일,47
2019-06-10,월,32
2019-06-11,화,43
2019-06-12,수,26
2019-06-13,목,27
2019-06-14,금,35
2019-06-15,토,82
2019-06-16,일,36
2019-06-17,월,40
2019-06-18,화,92
2019-06-19,수,37
2019-06-20,목,40
2019-06-21,금,49
2019-06-22,토,28
2019-06-23,일,31
2019-06-24,월,21
2019-06-25,화,29
2019-06-26,수,28
2019-06-27,목,24
2019-06-28,금,38
2019-06-29,토,48
2019-06-30,일,27
2019-07-01,월,22
2019-07-02,화,31
2019-07-03,수,18
2019-07-04,목,20
2019-07-05,금,37
2019-07-06,토,33
2019-07-07,일,38
2019-07-08,월,20
2019-07-09,화,33
2019-07-10,수,29
2019-07-11,목,29
2019-07-12,금,60
2019-07-13,토,35
2019-07-14,일,34
2019-07-15,월,21
2019-07-16,화,52
2019-07-17,수,16
2019-07-18,목,19
2019-07-19,금,36
2019-07-20,토,40
2019-07-21,일,39
2019-07-22,월,29
2019-07-23,화,45
2019-07-24,수,29
2019-07-25,목,35
2019-07-26,금,39
2019-07-27,토,36
2019-07-30,화,49
2019-07-31,수,24
2019-08-01,목,36
2019-08-02,금,42
2019-08-03,토,45
2019-08-04,일,33
2019-08-05,월,35
2019-08-06,화,37
2019-08-07,수,25
2019-08-08,목,41
2019-08-09,금,25
2019-08-10,토,40
2019-08-11,일,70
2019-08-12,월,33
2019-08-13,화,27
2019-08-14,수,32
2019-08-15,목,37
2019-08-16,금,32
2019-08-17,토,44
2019-08-18,일,27
2019-08-19,월,18
2019-08-20,화,29
2019-08-21,수,23
2019-08-22,목,31
2019-08-23,금,27
2019-08-24,토,35
2019-08-25,일,36
2019-08-26,월,27
2019-08-27,화,70
2019-08-28,수,29
2019-08-29,목,32
2019-08-30,금,39
2019-08-31,토,38
2019-09-01,일,28
2019-09-02,월,25
2019-09-03,화,46
2019-09-04,수,27
2019-09-05,목,38
2019-09-06,금,36
2019-09-07,토,39
2019-09-08,일,57
2019-09-09,월,30
2019-09-10,화,49
2019-09-11,수,28
2019-09-12,목,40
2019-09-13,금,39
2019-09-14,토,40
2019-09-15,일,32
2019-09-16,월,29
2019-09-17,화,47
2019-09-18,수,34
2019-09-19,목,35
2019-09-20,금,34
2019-09-21,토,50
2019-09-22,일,70
2019-09-23,월,43
2019-09-24,화,60
2019-09-25,수,5
2019-09-26,목,20
2019-09-27,금,39
2019-09-28,토,47
2019-09-29,일,44
2019-09-30,월,5
2019-10-01,화,62
2019-10-02,수,43
2019-10-03,목,48
2019-10-04,금,22
2019-10-05,토,55
2019-10-06,일,36
2019-10-07,월,3
2019-10-08,화,67
2019-10-09,수,47
2019-10-10,목,39
2019-10-11,금,53
2019-10-12,토,50
2019-10-13,일,40
2019-10-14,월,3
2019-10-15,화,38
2019-10-16,수,32
2019-10-17,목,37
2019-10-18,금,51
2019-10-19,토,44
2019-10-20,일,50
2019-10-21,월,28
2019-10-22,화,37
2019-10-23,수,25
2019-10-24,목,32
2019-10-25,금,48
2019-10-26,토,45
2019-10-27,일,32
2019-10-28,월,27
2019-10-29,화,45
2019-10-30,수,36
2019-10-31,목,31
2019-11-01,금,48
2019-11-02,토,50
2019-11-03,일,54
2019-11-04,월,29
2019-11-05,화,29
2019-11-06,수,24
2019-11-07,목,22
2019-11-08,금,42
2019-11-09,토,52
2019-11-10,일,52
2019-11-11,월,60
2019-11-12,화,59
2019-11-13,수,58
2019-11-14,목,62
2019-11-15,금,66
2019-11-16,토,68
2019-11-17,일,45
2019-11-18,월,26
2019-11-19,화,54
2019-11-20,수,37
2019-11-21,목,32
2019-11-22,금,37
2019-11-23,토,42
2019-11-24,일,46
2019-11-25,월,30
2019-11-26,화,31
2019-11-27,수,26
2019-11-28,목,25
2019-11-29,금,40
2019-11-30,토,41
2019-12-01,일,56
2019-12-02,월,39
2019-12-03,화,52
2019-12-04,수,37
2019-12-05,목,46
2019-12-06,금,37
2019-12-07,토,49
2019-12-08,일,49
2019-12-09,월,33
2019-12-10,화,68
2019-12-11,수,42
2019-12-12,목,38
2019-12-13,금,48
2019-12-14,토,43
2019-12-15,일,37
2019-12-16,월,28
2019-12-17,화,70
2019-12-18,수,91
2019-12-19,목,47
2019-12-20,금,55
2019-12-21,토,77
2019-12-22,일,68
2019-12-23,월,51
2019-12-24,화,97
2019-12-25,수,108
2019-12-26,목,55
2019-12-27,금,66
2019-12-28,토,72
2019-12-29,일,57
2019-12-30,월,58
2019-12-31,화,107
2020-01-01,수,77
2020-01-02,목,35
2020-01-03,금,57
2020-01-04,토,61
2020-01-05,일,64
2020-01-06,월,60
2020-01-07,화,51
2020-01-08,수,29
2020-01-09,목,45
2020-01-10,금,57
2020-01-11,토,60
2020-01-12,일,64
2020-01-13,월,53
2020-01-14,화,46
2020-01-15,수,46
2020-01-16,목,51
2020-01-17,금,46
2020-01-18,토,60
2020-01-19,일,54
2020-01-20,월,47
2020-01-21,화,52
2020-01-22,수,51
2020-01-23,목,72
2020-01-24,금,67
2020-01-25,토,1
2020-01-26,일,82
2020-01-27,월,64
2020-01-28,화,44
2020-01-29,수,53
2020-01-30,목,70
2020-01-31,금,71
2020-02-01,토,82
2020-02-02,일,83
2020-02-03,월,46
2020-02-04,화,59
2020-02-05,수,52
2020-02-06,목,57
2020-02-07,금,84
2020-02-08,토,62
2020-02-09,일,57
2020-02-10,월,59
2020-02-11,화,47
2020-02-12,수,52
2020-02-13,목,48
2020-02-14,금,63
2020-02-15,토,73
2020-02-16,일,81
2020-02-17,월,67
2020-02-18,화,52
2020-02-19,수,46
2020-02-20,목,73
2020-02-21,금,71
2020-02-22,토,92
2020-02-23,일,84
2020-02-24,월,63
2020-02-25,화,81
2020-02-26,수,61
2020-02-27,목,49
2020-02-28,금,99
2020-02-29,토,84
2020-03-01,일,79
2020-03-02,월,77
2020-03-03,화,70
2020-03-04,수,73
2020-03-05,목,64
2020-03-06,금,73
2020-03-07,토,99
2020-03-08,일,77
2020-03-09,월,78
2020-03-10,화,65
2020-03-11,수,72
2020-03-12,목,47
2020-03-13,금,75
2020-03-14,토,84
2020-03-15,일,76
2020-03-16,월,79
2020-03-17,화,58
2020-03-18,수,56
2020-03-19,목,59
2020-03-20,금,64
2020-03-21,토,70
2020-03-22,일,70
2020-03-23,월,64
2020-03-24,화,56
2020-03-25,수,52
2020-03-26,목,65
2020-03-27,금,70
2020-03-28,토,79
2020-03-29,일,75
2020-03-30,월,44
2020-03-31,화,49
2020-04-01,수,52
2020-04-02,목,42
2020-04-03,금,43
2020-04-04,토,68
2020-04-05,일,76
2020-04-06,월,68
2020-04-07,화,35
2020-04-08,수,58
2020-04-09,목,65
2020-04-10,금,68
2020-04-11,토,73
2020-04-12,일,74
2020-04-13,월,67
2020-04-14,화,62
2020-04-15,수,62
2020-04-16,목,54
2020-04-17,금,58
2020-04-18,토,71
2020-04-19,일,67
2020-04-20,월,55
2020-04-21,화,60
2020-04-22,수,67
2020-04-23,목,55
2020-04-24,금,66
2020-04-25,토,81
2020-04-26,일,60
2020-04-27,월,57
2020-04-28,화,51
2020-04-29,수,53
2020-04-30,목,66
2020-05-01,금,58
2020-05-02,토,74
2020-05-03,일,69
2020-05-04,월,78
2020-05-05,화,104
2020-05-06,수,36
2020-05-07,목,47
2020-05-08,금,68
2020-05-09,토,61
2020-05-10,일,75
2020-05-11,월,51
2020-05-12,화,55
2020-05-13,수,58
2020-05-14,목,54
2020-05-15,금,78
2020-05-16,토,71
2020-05-17,일,54
2020-05-18,월,57
2020-05-19,화,63
2020-05-20,수,45
2020-05-21,목,48
2020-05-22,금,60
2020-05-23,토,56
2020-05-24,일,73
2020-05-25,월,59
2020-05-26,화,50
2020-05-27,수,55
2020-05-28,목,38
2020-05-29,금,65
2020-05-30,토,58
2020-05-31,일,59
2020-06-01,월,53
2020-06-02,화,62
2020-06-03,수,49
2020-06-04,목,41
2020-06-05,금,68
2020-06-06,토,64
2020-06-07,일,63
2020-06-08,월,57
2020-06-09,화,54
2020-06-10,수,53
2020-06-11,목,51
2020-06-12,금,63
2020-06-13,토,73
2020-06-14,일,57
2020-06-15,월,81
2020-06-16,화,56
2020-06-17,수,66
2020-06-18,목,59
2020-06-19,금,73
2020-06-20,토,87
2020-06-21,일,89
2020-06-22,월,52
2020-06-23,화,55
2020-06-24,수,62
2020-06-25,목,60
2020-06-26,금,66
2020-06-27,토,65
2020-06-28,일,53
2020-06-29,월,66
2020-06-30,화,77
2020-07-01,수,55
2020-07-02,목,42
2020-07-03,금,41
2020-07-04,토,47
2020-07-05,일,43
2020-07-06,월,49
2020-07-07,화,44
2020-07-08,수,41
2020-07-09,목,51
2020-07-10,금,59
2020-07-11,토,54
2020-07-12,일,55
2020-07-13,월,41
2020-07-14,화,46
2020-07-15,수,34
2020-07-16,목,83
2020-07-17,금,55
2020-07-18,토,50
2020-07-19,일,55
2020-07-20,월,75
2020-07-21,화,35
2020-07-22,수,35
2020-07-23,목,38
2020-07-24,금,47
2020-07-25,토,59
2020-07-26,일,76
2020-07-27,월,59
2020-07-28,화,41
2020-07-29,수,40
2020-07-30,목,95
2020-07-31,금,49
2020-08-01,토,61
2020-08-02,일,51
2020-08-03,월,40
2020-08-04,화,55
2020-08-05,수,47
2020-08-06,목,48
2020-08-07,금,63
2020-08-08,토,69
2020-08-09,일,71
2020-08-11,화,77
2020-08-12,수,55
2020-08-13,목,63
2020-08-14,금,72
2020-08-15,토,100
2020-08-16,일,80
2020-08-17,월,66
2020-08-18,화,55
2020-08-19,수,70
2020-08-20,목,71
2020-08-21,금,76
2020-08-22,토,72
2020-08-23,일,88
2020-08-24,월,59
2020-08-25,화,73
2020-08-26,수,55
2020-08-27,목,46
2020-08-28,금,79
2020-08-29,토,83
2020-08-30,일,78
2020-08-31,월,89
2020-09-01,화,57
2020-09-02,수,95
2020-09-03,목,71
2020-09-04,금,68
2020-09-05,토,81
2020-09-06,일,88
2020-09-07,월,95
2020-09-08,화,72
2020-09-09,수,68
2020-09-10,목,52
2020-09-11,금,75
2020-09-12,토,75
2020-09-13,일,75
2020-09-14,월,66
2020-09-15,화,66
2020-09-16,수,73
2020-09-17,목,71
2020-09-18,금,86
2020-09-19,토,82
2020-09-20,일,83
2020-09-21,월,67
2020-09-22,화,60
2020-09-23,수,54
2020-09-24,목,57
2020-09-25,금,77
2020-09-26,토,11
