,날짜,구글 검색량,네이버 검색량
0,2015-11-08,26.0,
1,2015-11-15,36.0,
2,2015-11-22,30.0,
3,2015-11-29,49.0,
4,2015-12-06,24.0,
5,2015-12-13,41.0,
6,2015-12-20,33.0,
7,2015-12-27,46.0,
8,2016-01-03,24.0,13.31454
9,2016-01-10,31.0,15.598579999999998
10,2016-01-17,26.0,18.80943
11,2016-01-24,28.0,22.07643
12,2016-01-31,36.0,16.41753
13,2016-02-07,41.0,15.91669
14,2016-02-14,46.0,18.98996
15,2016-02-21,31.0,18.25356
16,2016-02-28,41.0,21.15181
17,2016-03-06,31.0,13.189060000000001
18,2016-03-13,25.0,14.64644
19,2016-03-20,27.0,12.30847
20,2016-03-27,27.0,12.108130000000001
21,2016-04-03,25.0,14.83356
22,2016-04-10,18.0,14.83136
23,2016-04-17,53.0,15.545739999999999
24,2016-04-24,37.0,18.415370000000003
25,2016-05-01,34.0,16.48467
26,2016-05-08,28.0,14.621120000000001
27,2016-05-15,31.0,18.62011
28,2016-05-22,28.0,15.048210000000001
29,2016-05-29,30.0,13.5501
30,2016-06-05,45.0,17.95196
31,2016-06-12,29.0,17.20456
32,2016-06-19,30.0,14.304110000000001
33,2016-06-26,47.0,12.33268
34,2016-07-03,29.0,12.59246
35,2016-07-10,40.0,12.04319
36,2016-07-17,29.0,16.107120000000002
37,2016-07-24,34.0,13.35087
38,2016-07-31,36.0,18.37905
39,2016-08-07,47.0,19.25303
40,2016-08-14,53.0,20.12592
41,2016-08-21,32.0,17.4115
42,2016-08-28,27.0,18.32181
43,2016-09-04,34.0,17.157220000000002
44,2016-09-11,53.0,16.68391
45,2016-09-18,26.0,16.199579999999997
46,2016-09-25,40.0,13.88142
47,2016-10-02,29.0,16.75105
48,2016-10-09,40.0,13.08119
49,2016-10-16,28.0,14.4428
50,2016-10-23,23.0,14.491229999999998
51,2016-10-30,34.0,12.0641
52,2016-11-06,20.0,12.357999999999999
53,2016-11-13,36.0,13.577620000000001
54,2016-11-20,33.0,12.37781
55,2016-11-27,43.0,14.09056
56,2016-12-04,38.0,12.85113
57,2016-12-11,43.0,13.498370000000001
58,2016-12-18,43.0,11.74269
59,2016-12-25,52.0,13.55671
60,2017-01-01,48.0,12.58035
61,2017-01-08,32.0,11.923210000000001
62,2017-01-15,35.0,12.09272
63,2017-01-22,36.0,15.02179
64,2017-01-29,28.0,21.06485
65,2017-02-05,46.0,13.08999
66,2017-02-12,55.0,19.14846
67,2017-02-19,48.0,17.551289999999998
68,2017-02-26,48.0,15.663520000000002
69,2017-03-05,34.0,12.99973
70,2017-03-12,48.0,17.45112
71,2017-03-19,26.0,14.56608
72,2017-03-26,33.0,17.218870000000003
73,2017-04-02,40.0,13.816479999999999
74,2017-04-09,36.0,13.949670000000001
75,2017-04-16,54.0,14.15661
76,2017-04-23,39.0,15.228729999999999
77,2017-04-30,52.0,14.445
78,2017-05-07,53.0,13.0977
79,2017-05-14,46.0,15.727360000000001
80,2017-05-21,42.0,14.913920000000001
81,2017-05-28,40.0,16.05538
82,2017-06-04,36.0,13.870420000000001
83,2017-06-11,42.0,11.98045
84,2017-06-18,54.0,18.68505
85,2017-06-25,45.0,14.68276
86,2017-07-02,44.0,14.70147
87,2017-07-09,69.0,14.55618
88,2017-07-16,39.0,14.53196
89,2017-07-23,54.0,17.36086
90,2017-07-30,53.0,15.09334
91,2017-08-06,52.0,16.087310000000002
92,2017-08-13,50.0,15.922189999999999
93,2017-08-20,43.0,14.981060000000001
94,2017-08-27,36.0,12.89296
95,2017-09-03,34.0,12.08942
96,2017-09-10,46.0,14.031120000000001
97,2017-09-17,43.0,14.332729999999998
98,2017-09-24,53.0,14.673960000000001
99,2017-10-01,52.0,15.71526
100,2017-10-08,41.0,16.766460000000002
101,2017-10-15,38.0,15.0383
102,2017-10-22,51.0,15.087829999999999
103,2017-10-29,27.0,15.890270000000001
104,2017-11-05,42.0,13.30574
105,2017-11-12,67.0,13.959579999999999
106,2017-11-19,51.0,15.341
107,2017-11-26,76.0,17.086779999999997
108,2017-12-03,53.0,16.30305
109,2017-12-10,57.0,18.195220000000003
110,2017-12-17,59.0,15.42356
111,2017-12-24,49.0,19.7924
112,2017-12-31,64.0,17.149520000000003
113,2018-01-07,36.0,12.22481
114,2018-01-14,43.0,13.213270000000001
115,2018-01-21,40.0,12.968910000000001
116,2018-01-28,44.0,13.289229999999998
117,2018-02-04,45.0,13.31124
118,2018-02-11,57.0,13.795570000000001
119,2018-02-18,40.0,13.194560000000001
120,2018-02-25,52.0,13.43893
121,2018-03-04,51.0,11.77351
122,2018-03-11,45.0,12.187380000000001
123,2018-03-18,55.0,12.824710000000001
124,2018-03-25,32.0,11.84946
125,2018-04-01,38.0,11.96393
126,2018-04-08,34.0,13.42792
127,2018-04-15,36.0,12.97221
128,2018-04-22,51.0,14.044329999999999
129,2018-04-29,49.0,12.6508
130,2018-05-06,41.0,15.817620000000002
131,2018-05-13,49.0,13.53139
132,2018-05-20,39.0,14.37676
133,2018-05-27,41.0,14.53416
134,2018-06-03,52.0,13.41361
135,2018-06-10,55.0,13.3971
136,2018-06-17,50.0,12.84783
137,2018-06-24,41.0,12.09712
138,2018-07-01,44.0,14.07075
139,2018-07-08,51.0,12.57264
140,2018-07-15,45.0,13.86271
141,2018-07-22,35.0,13.274920000000002
142,2018-07-29,43.0,11.4587
143,2018-08-05,50.0,12.26003
144,2018-08-12,41.0,13.00854
145,2018-08-19,44.0,11.3156
146,2018-08-26,55.0,14.80384
147,2018-09-02,58.0,11.83405
148,2018-09-09,49.0,17.11209
149,2018-09-16,40.0,13.78016
150,2018-09-23,69.0,12.73115
151,2018-09-30,44.0,15.25955
152,2018-10-07,59.0,15.39824
153,2018-10-14,65.0,15.956320000000002
154,2018-10-21,40.0,20.18756
155,2018-10-28,51.0,20.22939
156,2018-11-04,54.0,17.5634
157,2018-11-11,43.0,18.47481
158,2018-11-18,61.0,15.966220000000002
159,2018-11-25,47.0,16.21279
160,2018-12-02,61.0,14.76091
161,2018-12-09,59.0,16.11703
162,2018-12-16,62.0,16.21169
163,2018-12-23,75.0,15.09884
164,2018-12-30,53.0,15.02289
165,2019-01-06,58.0,14.339329999999999
166,2019-01-13,53.0,15.35201
167,2019-01-20,53.0,15.452179999999998
168,2019-01-27,59.0,14.22375
169,2019-02-03,79.0,14.709179999999998
170,2019-02-10,56.0,16.9668
171,2019-02-17,58.0,19.12205
172,2019-02-24,66.0,22.04231
173,2019-03-03,66.0,18.40546
174,2019-03-10,62.0,20.347170000000002
175,2019-03-17,51.0,16.76096
176,2019-03-24,47.0,17.172639999999998
177,2019-03-31,62.0,18.71257
178,2019-04-07,69.0,23.29385
179,2019-04-14,54.0,22.56296
180,2019-04-21,68.0,20.35047
181,2019-04-28,90.0,18.94373
182,2019-05-05,69.0,21.083560000000002
183,2019-05-12,63.0,19.73626
184,2019-05-19,88.0,24.398989999999998
185,2019-05-26,68.0,20.06648
186,2019-06-02,72.0,20.28993
187,2019-06-09,65.0,18.65093
188,2019-06-16,63.0,20.34497
189,2019-06-23,73.0,17.39939
190,2019-06-30,56.0,16.47477
191,2019-07-07,72.0,15.733970000000001
192,2019-07-14,82.0,17.63935
193,2019-07-21,87.0,18.15229
194,2019-07-28,87.0,19.401629999999997
195,2019-08-04,66.0,17.909029999999998
196,2019-08-11,100.0,34.45865
197,2019-08-18,47.0,17.5678
198,2019-08-25,78.0,17.433510000000002
199,2019-09-01,56.0,17.66687
200,2019-09-08,62.0,18.9019
201,2019-09-15,57.0,19.29816
202,2019-09-22,61.0,25.25647
203,2019-09-29,87.0,17.52597
204,2019-10-06,57.0,17.85289
205,2019-10-13,65.0,18.97345
206,2019-10-20,82.0,20.26461
207,2019-10-27,83.0,19.77919
208,2019-11-03,68.0,20.93386
209,2019-11-10,86.0,22.90639
210,2019-11-17,73.0,25.95874
211,2019-11-24,85.0,22.68184
212,2019-12-01,69.0,23.3632
213,2019-12-08,72.0,20.3879
214,2019-12-15,79.0,18.89419
215,2019-12-22,82.0,18.81604
216,2019-12-29,81.0,19.63939
217,2020-01-05,59.0,18.84906
218,2020-01-12,56.0,19.40604
219,2020-01-19,69.0,19.62068
220,2020-01-26,87.0,25.94663
221,2020-02-02,85.0,23.31256
222,2020-02-09,91.0,26.168979999999998
223,2020-02-16,72.0,23.60316
224,2020-02-23,79.0,23.01756
225,2020-03-01,69.0,28.99568
226,2020-03-08,75.0,24.2658
227,2020-03-15,61.0,23.997220000000002
228,2020-03-22,58.0,23.549220000000002
229,2020-03-29,78.0,22.603679999999997
230,2020-04-05,73.0,23.29935
231,2020-04-12,70.0,26.22402
232,2020-04-19,65.0,25.552570000000003
233,2020-04-26,74.0,23.62077
234,2020-05-03,62.0,22.06983
235,2020-05-10,45.0,20.56071
236,2020-05-17,77.0,19.830920000000003
237,2020-05-24,71.0,19.59646
238,2020-05-31,58.0,19.22331
239,2020-06-07,55.0,18.82485
240,2020-06-14,66.0,18.950329999999997
241,2020-06-21,77.0,17.59092
242,2020-06-28,69.0,17.40599
243,2020-07-05,48.0,16.855620000000002
244,2020-07-12,63.0,18.37244
245,2020-07-19,66.0,17.46213
246,2020-07-26,85.0,20.68069
247,2020-08-02,63.0,17.383979999999998
248,2020-08-09,78.0,24.2669
249,2020-08-16,84.0,24.04235
250,2020-08-23,69.0,24.68518
251,2020-08-30,63.0,24.37588
252,2020-09-06,66.0,21.63944
253,2020-09-13,70.0,20.61685
254,2020-09-20,50.0,18.59149
255,2016-01-01,,18.23815
256,2016-01-02,,14.80715
257,2016-01-04,,11.595189999999999
258,2016-01-05,,12.68932
259,2016-01-06,,12.31177
260,2016-01-07,,13.36077
261,2016-01-08,,16.555120000000002
262,2016-01-09,,16.037770000000002
263,2016-01-11,,11.927610000000001
264,2016-01-12,,11.823039999999999
265,2016-01-13,,12.9469
266,2016-01-14,,12.16427
267,2016-01-15,,14.846770000000001
268,2016-01-16,,17.38178
269,2016-01-18,,16.49018
270,2016-01-19,,15.61069
271,2016-01-20,,14.13459
272,2016-01-21,,13.61725
273,2016-01-22,,15.947510000000001
274,2016-01-23,,21.60201
275,2016-01-25,,16.017960000000002
276,2016-01-26,,12.5143
277,2016-01-27,,12.13565
278,2016-01-28,,16.61346
279,2016-01-29,,16.45495
280,2016-01-30,,22.24484
281,2016-02-01,,11.499419999999999
282,2016-02-02,,11.489519999999999
283,2016-02-03,,10.683769999999999
284,2016-02-04,,12.61227
285,2016-02-05,,16.289839999999998
286,2016-02-06,,15.62279
287,2016-02-08,,22.12706
288,2016-02-09,,27.581229999999998
289,2016-02-10,,23.45235
290,2016-02-11,,14.82146
291,2016-02-12,,19.0604
292,2016-02-13,,22.14358
293,2016-02-15,,16.27883
294,2016-02-16,,16.049879999999998
295,2016-02-17,,13.891329999999998
296,2016-02-18,,14.458210000000001
297,2016-02-19,,18.376839999999998
298,2016-02-20,,20.02245
299,2016-02-22,,15.303579999999998
300,2016-02-23,,14.546270000000002
301,2016-02-24,,13.8473
302,2016-02-25,,13.78236
303,2016-02-26,,16.65419
304,2016-02-27,,18.33942
305,2016-02-29,,17.1187
306,2016-03-01,,16.50669
307,2016-03-02,,9.34638
308,2016-03-03,,7.91211
309,2016-03-04,,12.68492
310,2016-03-05,,18.56617
311,2016-03-07,,8.22032
312,2016-03-08,,8.84004
313,2016-03-09,,8.16198
314,2016-03-10,,10.00462
315,2016-03-11,,12.91497
316,2016-03-12,,15.606279999999998
317,2016-03-14,,8.15427
318,2016-03-15,,7.85597
319,2016-03-16,,7.97485
320,2016-03-17,,7.8956
321,2016-03-18,,11.35743
322,2016-03-19,,13.77025
323,2016-03-21,,7.08325
324,2016-03-22,,7.54006
325,2016-03-23,,7.7437
326,2016-03-24,,7.48502
327,2016-03-25,,10.75202
328,2016-03-26,,13.142829999999998
329,2016-03-28,,6.81798
330,2016-03-29,,7.3023
331,2016-03-30,,7.146
332,2016-03-31,,7.58299
333,2016-04-01,,11.25066
334,2016-04-02,,14.79394
335,2016-04-04,,8.27866
336,2016-04-05,,8.01558
337,2016-04-06,,8.9358
338,2016-04-07,,8.50211
339,2016-04-08,,11.525839999999999
340,2016-04-09,,15.40595
341,2016-04-11,,8.11575
342,2016-04-12,,10.37006
343,2016-04-13,,13.744929999999998
344,2016-04-14,,7.54777
345,2016-04-15,,12.78619
346,2016-04-16,,21.2828
347,2016-04-18,,10.2699
348,2016-04-19,,9.86262
349,2016-04-20,,12.54513
350,2016-04-21,,13.53689
351,2016-04-22,,17.99379
352,2016-04-23,,21.52056
353,2016-04-25,,11.70416
354,2016-04-26,,11.615
355,2016-04-27,,12.45156
356,2016-04-28,,11.97384
357,2016-04-29,,15.13076
358,2016-04-30,,18.40987
359,2016-05-02,,12.33709
360,2016-05-03,,14.192929999999999
361,2016-05-04,,13.62055
362,2016-05-05,,17.4148
363,2016-05-06,,16.8237
364,2016-05-07,,15.324489999999999
365,2016-05-09,,9.54561
366,2016-05-10,,10.74432
367,2016-05-11,,9.21979
368,2016-05-12,,9.64027
369,2016-05-13,,13.21548
370,2016-05-14,,16.29094
371,2016-05-16,,9.60505
372,2016-05-17,,8.85324
373,2016-05-18,,9.15925
374,2016-05-19,,9.174660000000001
375,2016-05-20,,12.25893
376,2016-05-21,,15.129660000000001
377,2016-05-23,,8.67052
378,2016-05-24,,9.52029
379,2016-05-25,,8.88296
380,2016-05-26,,9.01065
381,2016-05-27,,11.88358
382,2016-05-28,,15.288170000000001
383,2016-05-30,,8.36011
384,2016-05-31,,9.548910000000001
385,2016-06-01,,10.00572
386,2016-06-02,,9.628169999999999
387,2016-06-03,,11.88358
388,2016-06-04,,16.55842
389,2016-06-06,,16.716929999999998
390,2016-06-07,,9.48067
391,2016-06-08,,9.69091
392,2016-06-09,,9.595139999999999
393,2016-06-10,,13.365179999999999
394,2016-06-11,,18.38675
395,2016-06-13,,9.01065
396,2016-06-14,,9.194469999999999
397,2016-06-15,,10.04314
398,2016-06-16,,9.39151
399,2016-06-17,,11.80103
400,2016-06-18,,15.966220000000002
401,2016-06-20,,9.62266
402,2016-06-21,,9.57863
403,2016-06-22,,9.9815
404,2016-06-23,,8.523019999999999
405,2016-06-24,,11.55006
406,2016-06-25,,13.571010000000001
407,2016-06-27,,8.03209
408,2016-06-28,,8.10694
409,2016-06-29,,8.1862
410,2016-06-30,,9.55992
411,2016-07-01,,16.3779
412,2016-07-02,,14.03002
413,2016-07-04,,9.49498
414,2016-07-05,,11.12847
415,2016-07-06,,8.59787
416,2016-07-07,,8.374419999999999
417,2016-07-08,,11.00409
418,2016-07-09,,12.69593
419,2016-07-11,,8.80701
420,2016-07-12,,9.05138
421,2016-07-13,,8.13776
422,2016-07-14,,8.38873
423,2016-07-15,,11.63481
424,2016-07-16,,14.408679999999999
425,2016-07-18,,8.24564
426,2016-07-19,,8.52743
427,2016-07-20,,8.6342
428,2016-07-21,,8.695839999999999
429,2016-07-22,,10.820269999999999
430,2016-07-23,,15.80331
431,2016-07-25,,10.61002
432,2016-07-26,,10.78284
433,2016-07-27,,16.88974
434,2016-07-28,,13.017339999999999
435,2016-07-29,,14.931529999999999
436,2016-07-30,,18.3141
437,2016-08-01,,16.85452
438,2016-08-02,,18.09616
439,2016-08-03,,15.15828
440,2016-08-04,,14.46812
441,2016-08-05,,16.42193
442,2016-08-06,,18.94152
443,2016-08-08,,16.46046
444,2016-08-09,,16.5298
445,2016-08-10,,16.17316
446,2016-08-11,,15.06582
447,2016-08-12,,17.2739
448,2016-08-13,,18.7599
449,2016-08-15,,17.62504
450,2016-08-16,,18.49022
451,2016-08-17,,13.577620000000001
452,2016-08-18,,13.08119
453,2016-08-19,,15.91779
454,2016-08-20,,18.3086
455,2016-08-22,,11.81644
456,2016-08-23,,11.49832
457,2016-08-24,,11.00409
458,2016-08-25,,11.676639999999999
459,2016-08-26,,15.27716
460,2016-08-27,,17.67567
461,2016-08-29,,9.91106
462,2016-08-30,,11.80653
463,2016-08-31,,13.126320000000002
464,2016-09-01,,14.791739999999999
465,2016-09-02,,16.119229999999998
466,2016-09-03,,18.65973
467,2016-09-05,,11.666739999999999
468,2016-09-06,,13.94527
469,2016-09-07,,11.84175
470,2016-09-08,,11.78561
471,2016-09-09,,15.642610000000001
472,2016-09-10,,18.83035
473,2016-09-12,,12.0652
474,2016-09-13,,12.6541
475,2016-09-14,,13.582020000000002
476,2016-09-15,,15.72626
477,2016-09-16,,18.99106
478,2016-09-17,,19.85624
479,2016-09-19,,9.64358
480,2016-09-20,,8.85545
481,2016-09-21,,8.74207
482,2016-09-22,,8.55604
483,2016-09-23,,11.943019999999999
484,2016-09-24,,15.1891
485,2016-09-26,,9.13063
486,2016-09-27,,10.46032
487,2016-09-28,,9.253910000000001
488,2016-09-29,,8.44487
489,2016-09-30,,12.071810000000001
490,2016-10-01,,14.472520000000001
491,2016-10-03,,12.68712
492,2016-10-04,,8.59787
493,2016-10-05,,9.16916
494,2016-10-06,,9.2374
495,2016-10-07,,12.73886
496,2016-10-08,,14.69377
497,2016-10-10,,8.80921
498,2016-10-11,,9.75805
499,2016-10-12,,8.462480000000001
500,2016-10-13,,8.3337
501,2016-10-14,,11.00849
502,2016-10-15,,13.676689999999999
503,2016-10-17,,8.35571
504,2016-10-18,,8.024389999999999
505,2016-10-19,,8.9325
506,2016-10-20,,9.01175
507,2016-10-21,,11.438880000000001
508,2016-10-22,,13.343160000000001
509,2016-10-24,,7.811939999999999
510,2016-10-25,,8.45478
511,2016-10-26,,7.63693
512,2016-10-27,,7.52905
513,2016-10-28,,10.64305
514,2016-10-29,,13.68769
515,2016-10-31,,8.00567
516,2016-11-01,,8.35131
517,2016-11-02,,7.85267
518,2016-11-03,,7.91211
519,2016-11-04,,10.36346
520,2016-11-05,,13.654670000000001
521,2016-11-07,,8.18179
522,2016-11-08,,8.44487
523,2016-11-09,,8.11245
524,2016-11-10,,8.513119999999999
525,2016-11-11,,10.84778
526,2016-11-12,,14.2953
527,2016-11-14,,8.16748
528,2016-11-15,,8.69254
529,2016-11-16,,9.17026
530,2016-11-17,,10.59682
531,2016-11-18,,12.27875
532,2016-11-19,,15.07683
533,2016-11-21,,8.77619
534,2016-11-22,,9.08
535,2016-11-23,,9.02166
536,2016-11-24,,10.32493
537,2016-11-25,,12.494489999999999
538,2016-11-26,,16.513289999999998
539,2016-11-28,,8.81692
540,2016-11-29,,8.503210000000001
541,2016-11-30,,8.96002
542,2016-12-01,,10.24018
543,2016-12-02,,12.13455
544,2016-12-03,,14.69927
545,2016-12-05,,8.97433
546,2016-12-06,,9.56102
547,2016-12-07,,9.07669
548,2016-12-08,,19.47648
549,2016-12-09,,15.47529
550,2016-12-10,,15.594170000000002
551,2016-12-12,,9.333169999999999
552,2016-12-13,,10.287510000000001
553,2016-12-14,,9.959489999999999
554,2016-12-15,,11.353019999999999
555,2016-12-16,,12.64529
556,2016-12-17,,14.345939999999999
557,2016-12-19,,8.4966
558,2016-12-20,,8.32049
559,2016-12-21,,9.3761
560,2016-12-22,,9.723930000000001
561,2016-12-23,,11.7581
562,2016-12-24,,14.950239999999999
563,2016-12-26,,9.85051
564,2016-12-27,,9.31115
565,2016-12-28,,8.810319999999999
566,2016-12-29,,10.7289
567,2016-12-30,,12.31837
568,2016-12-31,,14.78953
569,2017-01-02,,9.41462
570,2017-01-03,,8.94461
571,2017-01-04,,8.25334
572,2017-01-05,,8.82242
573,2017-01-06,,10.50215
574,2017-01-07,,11.80873
575,2017-01-09,,9.32436
576,2017-01-10,,10.28641
577,2017-01-11,,9.81749
578,2017-01-12,,9.35848
579,2017-01-13,,11.74048
580,2017-01-14,,13.61615
581,2017-01-16,,9.551110000000001
582,2017-01-17,,9.84061
583,2017-01-18,,9.14054
584,2017-01-19,,9.29134
585,2017-01-20,,14.034429999999999
586,2017-01-21,,17.01083
587,2017-01-23,,10.13671
588,2017-01-24,,9.85822
589,2017-01-25,,9.5368
590,2017-01-26,,10.48564
591,2017-01-27,,10.91713
592,2017-01-28,,14.36355
593,2017-01-30,,16.00475
594,2017-01-31,,11.41136
595,2017-02-01,,10.00132
596,2017-02-02,,10.5792
597,2017-02-03,,11.961730000000001
598,2017-02-04,,13.484060000000001
599,2017-02-06,,10.20055
600,2017-02-07,,10.13781
601,2017-02-08,,9.95508
602,2017-02-09,,13.205570000000002
603,2017-02-10,,15.86936
604,2017-02-11,,19.65811
605,2017-02-13,,15.71085
606,2017-02-14,,14.348139999999999
607,2017-02-15,,13.3993
608,2017-02-16,,13.968379999999998
609,2017-02-17,,16.6729
610,2017-02-18,,17.80556
611,2017-02-20,,16.11042
612,2017-02-21,,14.747710000000001
613,2017-02-22,,15.341
614,2017-02-23,,14.16651
615,2017-02-24,,16.3691
616,2017-02-25,,17.7098
617,2017-02-27,,12.47908
618,2017-02-28,,13.92105
619,2017-03-01,,14.35144
620,2017-03-02,,8.836730000000001
621,2017-03-03,,10.19395
622,2017-03-04,,13.39049
623,2017-03-06,,8.56485
624,2017-03-07,,8.96992
625,2017-03-08,,9.24511
626,2017-03-09,,9.55552
627,2017-03-10,,22.53874
628,2017-03-11,,18.89859
629,2017-03-13,,9.6799
630,2017-03-14,,10.1224
631,2017-03-15,,11.60619
632,2017-03-16,,10.45812
633,2017-03-17,,13.73833
634,2017-03-18,,16.83251
635,2017-03-20,,9.6821
636,2017-03-21,,10.52637
637,2017-03-22,,10.34805
638,2017-03-23,,10.73661
639,2017-03-24,,13.524779999999998
640,2017-03-25,,18.187520000000003
641,2017-03-27,,9.52029
642,2017-03-28,,10.34695
643,2017-03-29,,9.15044
644,2017-03-30,,8.56815
645,2017-03-31,,14.09937
646,2017-04-01,,16.048779999999997
647,2017-04-03,,7.86918
648,2017-04-04,,8.14217
649,2017-04-05,,10.2699
650,2017-04-06,,8.7806
651,2017-04-07,,11.10646
652,2017-04-08,,14.989870000000002
653,2017-04-10,,8.30067
654,2017-04-11,,8.56815
655,2017-04-12,,8.49881
656,2017-04-13,,8.41735
657,2017-04-14,,12.31177
658,2017-04-15,,15.048210000000001
659,2017-04-17,,9.315560000000001
660,2017-04-18,,9.48617
661,2017-04-19,,9.28253
662,2017-04-20,,9.86813
663,2017-04-21,,12.39763
664,2017-04-22,,15.7747
665,2017-04-24,,8.913789999999999
666,2017-04-25,,9.72283
667,2017-04-26,,9.41242
668,2017-04-27,,9.48507
669,2017-04-28,,13.31564
670,2017-04-29,,14.53636
671,2017-05-01,,10.54288
672,2017-05-02,,11.7702
673,2017-05-03,,12.63979
674,2017-05-04,,11.84726
675,2017-05-05,,14.96895
676,2017-05-06,,14.76091
677,2017-05-08,,12.0597
678,2017-05-09,,19.2002
679,2017-05-10,,8.9314
680,2017-05-11,,8.83893
681,2017-05-12,,12.8071
682,2017-05-13,,16.46816
683,2017-05-15,,10.04314
684,2017-05-16,,9.6788
685,2017-05-17,,9.25722
686,2017-05-18,,9.628169999999999
687,2017-05-19,,12.70363
688,2017-05-20,,16.59144
689,2017-05-22,,8.871960000000001
690,2017-05-23,,10.602319999999999
691,2017-05-24,,8.995239999999999
692,2017-05-25,,10.48674
693,2017-05-26,,15.16709
694,2017-05-27,,17.20125
695,2017-05-29,,9.42123
696,2017-05-30,,12.2116
697,2017-05-31,,9.64247
698,2017-06-01,,10.2743
699,2017-06-02,,12.40423
700,2017-06-03,,15.31679
701,2017-06-05,,12.74986
702,2017-06-06,,14.83356
703,2017-06-07,,8.069519999999999
704,2017-06-08,,8.18179
705,2017-06-09,,10.961160000000001
706,2017-06-10,,13.35857
707,2017-06-12,,7.91211
708,2017-06-13,,8.32489
709,2017-06-14,,7.747000000000001
710,2017-06-15,,7.934130000000001
711,2017-06-16,,100.0
712,2017-06-17,,24.24819
713,2017-06-19,,10.91163
714,2017-06-20,,11.54565
715,2017-06-21,,11.04482
716,2017-06-22,,10.20385
717,2017-06-23,,12.535219999999999
718,2017-06-24,,16.15335
719,2017-06-26,,10.26109
720,2017-06-27,,10.7146
721,2017-06-28,,9.26932
722,2017-06-29,,9.5346
723,2017-06-30,,12.69483
724,2017-07-01,,15.0405
725,2017-07-03,,9.46085
726,2017-07-04,,9.81419
727,2017-07-05,,9.74044
728,2017-07-06,,10.39428
729,2017-07-07,,15.636
730,2017-07-08,,15.11425
731,2017-07-10,,11.74709
732,2017-07-11,,11.11196
733,2017-07-12,,19.79129
734,2017-07-13,,11.0206
735,2017-07-14,,14.35474
736,2017-07-15,,17.21446
737,2017-07-17,,10.71129
738,2017-07-18,,11.72287
739,2017-07-19,,11.35633
740,2017-07-20,,13.1032
741,2017-07-21,,17.417
742,2017-07-22,,21.26078
743,2017-07-24,,12.671710000000001
744,2017-07-25,,14.053139999999999
745,2017-07-26,,13.0977
746,2017-07-27,,12.58475
747,2017-07-28,,15.683329999999998
748,2017-07-29,,16.36799
749,2017-07-31,,15.55565
750,2017-08-01,,15.39274
751,2017-08-02,,14.06194
752,2017-08-03,,13.561110000000001
753,2017-08-04,,14.771920000000001
754,2017-08-05,,15.901279999999998
755,2017-08-07,,13.359670000000001
756,2017-08-08,,13.76254
757,2017-08-09,,13.298029999999999
758,2017-08-10,,13.814279999999998
759,2017-08-11,,21.16832
760,2017-08-12,,15.74608
761,2017-08-14,,15.32669
762,2017-08-15,,16.10051
763,2017-08-16,,10.5682
764,2017-08-17,,9.93087
765,2017-08-18,,13.03055
766,2017-08-19,,14.72129
767,2017-08-21,,10.35575
768,2017-08-22,,9.79988
769,2017-08-23,,9.75255
770,2017-08-24,,9.56542
771,2017-08-25,,11.32991
772,2017-08-26,,14.08946
773,2017-08-28,,9.539010000000001
774,2017-08-29,,8.68923
775,2017-08-30,,8.85324
776,2017-08-31,,11.62491
777,2017-09-01,,11.35743
778,2017-09-02,,13.7031
779,2017-09-04,,7.986960000000001
780,2017-09-05,,10.11139
781,2017-09-06,,10.455919999999999
782,2017-09-07,,8.84994
783,2017-09-08,,11.72397
784,2017-09-09,,15.004179999999998
785,2017-09-11,,9.42343
786,2017-09-12,,8.7894
787,2017-09-13,,8.89617
788,2017-09-14,,8.51532
789,2017-09-15,,12.04539
790,2017-09-16,,15.71415
791,2017-09-18,,9.03266
792,2017-09-19,,11.07123
793,2017-09-20,,9.42563
794,2017-09-21,,9.24951
795,2017-09-22,,12.535219999999999
796,2017-09-23,,15.375129999999999
797,2017-09-25,,9.3882
798,2017-09-26,,9.84941
799,2017-09-27,,10.26549
800,2017-09-28,,10.66066
801,2017-09-29,,13.71851
802,2017-09-30,,14.5936
803,2017-10-02,,12.52201
804,2017-10-03,,12.840119999999999
805,2017-10-04,,15.27716
806,2017-10-05,,18.84796
807,2017-10-06,,16.62777
808,2017-10-07,,16.29975
809,2017-10-09,,15.675629999999998
810,2017-10-10,,10.33044
811,2017-10-11,,9.90445
812,2017-10-12,,10.29411
813,2017-10-13,,13.32445
814,2017-10-14,,16.45715
815,2017-10-16,,9.448739999999999
816,2017-10-17,,9.79218
817,2017-10-18,,10.287510000000001
818,2017-10-19,,10.031039999999999
819,2017-10-20,,12.9535
820,2017-10-21,,15.44447
821,2017-10-23,,9.48287
822,2017-10-24,,9.51919
823,2017-10-25,,9.715119999999999
824,2017-10-26,,9.48617
825,2017-10-27,,11.7636
826,2017-10-28,,15.736170000000001
827,2017-10-30,,9.52249
828,2017-10-31,,9.020560000000001
829,2017-11-01,,8.68923
830,2017-11-02,,8.77619
831,2017-11-03,,13.2441
832,2017-11-04,,15.89688
833,2017-11-06,,9.22199
834,2017-11-07,,11.58858
835,2017-11-08,,9.64908
836,2017-11-09,,9.02276
837,2017-11-10,,13.747129999999999
838,2017-11-11,,14.96015
839,2017-11-13,,9.30785
840,2017-11-14,,11.074539999999999
841,2017-11-15,,13.29693
842,2017-11-16,,16.24251
843,2017-11-17,,15.27496
844,2017-11-18,,17.98718
845,2017-11-20,,10.39428
846,2017-11-21,,10.7168
847,2017-11-22,,12.44496
848,2017-11-23,,14.5947
849,2017-11-24,,15.88587
850,2017-11-25,,20.28333
851,2017-11-27,,11.048119999999999
852,2017-11-28,,10.73881
853,2017-11-29,,10.63424
854,2017-11-30,,10.95456
855,2017-12-01,,14.38556
856,2017-12-02,,19.85954
857,2017-12-04,,10.673869999999999
858,2017-12-05,,11.05693
859,2017-12-06,,10.81586
860,2017-12-07,,10.8687
861,2017-12-08,,14.64644
862,2017-12-09,,17.77364
863,2017-12-11,,12.37341
864,2017-12-12,,13.874820000000001
865,2017-12-13,,11.7625
866,2017-12-14,,11.51153
867,2017-12-15,,15.084529999999999
868,2017-12-16,,18.499029999999998
869,2017-12-18,,11.98155
870,2017-12-19,,11.131780000000001
871,2017-12-20,,11.1714
872,2017-12-21,,10.541780000000001
873,2017-12-22,,13.32115
874,2017-12-23,,15.121960000000001
875,2017-12-25,,15.847339999999999
876,2017-12-26,,10.14661
877,2017-12-27,,9.99911
878,2017-12-28,,10.1224
879,2017-12-29,,13.42462
880,2017-12-30,,14.15881
881,2018-01-01,,14.023420000000002
882,2018-01-02,,10.148819999999999
883,2018-01-03,,9.50268
884,2018-01-04,,9.5346
885,2018-01-05,,11.755889999999999
886,2018-01-06,,12.889660000000001
887,2018-01-08,,10.52087
888,2018-01-09,,11.064630000000001
889,2018-01-10,,12.42955
890,2018-01-11,,12.34479
891,2018-01-12,,15.617289999999999
892,2018-01-13,,14.854479999999999
893,2018-01-15,,10.58911
894,2018-01-16,,11.34092
895,2018-01-17,,9.95068
896,2018-01-18,,9.65128
897,2018-01-19,,13.100999999999999
898,2018-01-20,,14.20284
899,2018-01-22,,10.956760000000001
900,2018-01-23,,11.58968
901,2018-01-24,,12.92268
902,2018-01-25,,14.80604
903,2018-01-26,,19.065910000000002
904,2018-01-27,,15.422460000000001
905,2018-01-29,,11.95623
906,2018-01-30,,14.460410000000001
907,2018-01-31,,11.26607
908,2018-02-01,,10.85989
909,2018-02-02,,12.9524
910,2018-02-03,,14.244670000000001
911,2018-02-05,,10.06736
912,2018-02-06,,10.02773
913,2018-02-07,,9.65238
914,2018-02-08,,9.75695
915,2018-02-09,,13.802170000000002
916,2018-02-10,,13.722920000000002
917,2018-02-12,,10.666160000000001
918,2018-02-13,,10.376669999999999
919,2018-02-14,,10.313930000000001
920,2018-02-15,,10.63754
921,2018-02-16,,13.77465
922,2018-02-17,,16.6674
923,2018-02-19,,10.53628
924,2018-02-20,,10.775139999999999
925,2018-02-21,,10.433910000000001
926,2018-02-22,,10.94025
927,2018-02-23,,13.76254
928,2018-02-24,,13.7009
929,2018-02-26,,10.94685
930,2018-02-27,,10.85769
931,2018-02-28,,16.29645
932,2018-03-01,,11.62601
933,2018-03-02,,10.49555
934,2018-03-03,,12.55283
935,2018-03-05,,8.43716
936,2018-03-06,,7.427789999999999
937,2018-03-07,,7.988060000000001
938,2018-03-08,,9.00625
939,2018-03-09,,11.85056
940,2018-03-10,,13.76034
941,2018-03-12,,7.83396
942,2018-03-13,,7.34743
943,2018-03-14,,7.77232
944,2018-03-15,,9.04147
945,2018-03-16,,11.66563
946,2018-03-17,,13.80988
947,2018-03-19,,8.376619999999999
948,2018-03-20,,8.45808
949,2018-03-21,,8.975430000000001
950,2018-03-22,,7.50484
951,2018-03-23,,10.89292
952,2018-03-24,,13.519279999999998
953,2018-03-26,,7.542260000000001
954,2018-03-27,,6.88952
955,2018-03-28,,7.18893
956,2018-03-29,,7.61601
957,2018-03-30,,10.79825
958,2018-03-31,,13.35527
959,2018-04-02,,7.9154100000000005
960,2018-04-03,,7.95834
961,2018-04-04,,9.074489999999999
962,2018-04-05,,9.37389
963,2018-04-06,,12.177480000000001
964,2018-04-07,,14.472520000000001
965,2018-04-09,,8.06732
966,2018-04-10,,8.66282
967,2018-04-11,,8.642999999999999
968,2018-04-12,,8.002369999999999
969,2018-04-13,,12.494489999999999
970,2018-04-14,,16.29645
971,2018-04-16,,8.25334
972,2018-04-17,,8.51091
973,2018-04-18,,8.0409
974,2018-04-19,,8.10144
975,2018-04-20,,12.55943
976,2018-04-21,,14.53196
977,2018-04-23,,10.92924
978,2018-04-24,,9.74594
979,2018-04-25,,10.02773
980,2018-04-26,,9.89124
981,2018-04-27,,12.33158
982,2018-04-28,,13.74823
983,2018-04-30,,9.400310000000001
984,2018-05-01,,10.16863
985,2018-05-02,,9.93967
986,2018-05-03,,9.723930000000001
987,2018-05-04,,12.27324
988,2018-05-05,,14.69377
989,2018-05-07,,12.90287
990,2018-05-08,,10.00022
991,2018-05-09,,8.956710000000001
992,2018-05-10,,8.85545
993,2018-05-11,,12.14115
994,2018-05-12,,16.50779
995,2018-05-14,,8.91929
996,2018-05-15,,10.177430000000001
997,2018-05-16,,10.24128
998,2018-05-17,,10.45152
999,2018-05-18,,13.47745
1000,2018-05-19,,14.87319
1001,2018-05-21,,14.276589999999999
1002,2018-05-22,,16.91616
1003,2018-05-23,,25.982960000000002
1004,2018-05-24,,13.651370000000002
1005,2018-05-25,,13.458739999999999
1006,2018-05-26,,15.573260000000001
1007,2018-05-28,,12.195089999999999
1008,2018-05-29,,10.4174
1009,2018-05-30,,9.56983
1010,2018-05-31,,9.75475
1011,2018-06-01,,13.68109
1012,2018-06-02,,14.922720000000002
1013,2018-06-04,,8.7806
1014,2018-06-05,,11.28698
1015,2018-06-06,,12.6508
1016,2018-06-07,,9.52249
1017,2018-06-08,,11.36623
1018,2018-06-09,,14.05424
1019,2018-06-11,,10.05415
1020,2018-06-12,,10.750919999999999
1021,2018-06-13,,12.99423
1022,2018-06-14,,10.07286
1023,2018-06-15,,12.3657
1024,2018-06-16,,14.7334
1025,2018-06-18,,35.11799
1026,2018-06-19,,9.88574
1027,2018-06-20,,8.9303
1028,2018-06-21,,8.76629
1029,2018-06-22,,11.02941
1030,2018-06-23,,24.4166
1031,2018-06-25,,8.785
1032,2018-06-26,,10.10699
1033,2018-06-27,,16.98881
1034,2018-06-28,,8.76188
1035,2018-06-29,,10.63754
1036,2018-06-30,,15.25735
1037,2018-07-02,,10.2743
1038,2018-07-03,,10.553889999999999
1039,2018-07-04,,9.90885
1040,2018-07-05,,10.62764
1041,2018-07-06,,14.06194
1042,2018-07-07,,13.737229999999998
1043,2018-07-09,,11.9133
1044,2018-07-10,,11.18021
1045,2018-07-11,,10.316130000000001
1046,2018-07-12,,9.35298
1047,2018-07-13,,11.66343
1048,2018-07-14,,14.105970000000001
1049,2018-07-16,,9.57863
1050,2018-07-17,,16.103820000000002
1051,2018-07-18,,9.93527
1052,2018-07-19,,9.35848
1053,2018-07-20,,13.11421
1054,2018-07-21,,12.92268
1055,2018-07-23,,10.254489999999999
1056,2018-07-24,,10.73771
1057,2018-07-25,,10.29852
1058,2018-07-26,,10.25118
1059,2018-07-27,,15.683329999999998
1060,2018-07-28,,13.100999999999999
1061,2018-07-30,,10.316130000000001
1062,2018-07-31,,10.82357
1063,2018-08-01,,10.89292
1064,2018-08-02,,11.03491
1065,2018-08-03,,12.317269999999999
1066,2018-08-04,,13.11311
1067,2018-08-06,,11.846160000000001
1068,2018-08-07,,11.369539999999999
1069,2018-08-08,,10.412989999999999
1070,2018-08-09,,10.67827
1071,2018-08-10,,12.08281
1072,2018-08-11,,14.091660000000001
1073,2018-08-13,,11.0228
1074,2018-08-14,,11.88688
1075,2018-08-15,,13.156039999999999
1076,2018-08-16,,12.376710000000001
1077,2018-08-17,,10.90722
1078,2018-08-18,,11.709660000000001
1079,2018-08-20,,9.74594
1080,2018-08-21,,8.84334
1081,2018-08-22,,9.402510000000001
1082,2018-08-23,,14.172020000000002
1083,2018-08-24,,12.5088
1084,2018-08-25,,13.19236
1085,2018-08-27,,12.20059
1086,2018-08-28,,17.072470000000003
1087,2018-08-29,,16.59585
1088,2018-08-30,,10.38217
1089,2018-08-31,,12.91497
1090,2018-09-01,,35.05415
1091,2018-09-03,,9.644680000000001
1092,2018-09-04,,11.18241
1093,2018-09-05,,10.63534
1094,2018-09-06,,9.92757
1095,2018-09-07,,13.51818
1096,2018-09-08,,14.432889999999999
1097,2018-09-10,,10.82907
1098,2018-09-11,,11.97935
1099,2018-09-12,,9.43333
1100,2018-09-13,,9.84171
1101,2018-09-14,,13.38829
1102,2018-09-15,,16.03557
1103,2018-09-17,,9.66889
1104,2018-09-18,,10.82137
1105,2018-09-19,,10.48564
1106,2018-09-20,,10.976569999999999
1107,2018-09-21,,13.98599
1108,2018-09-22,,12.832419999999999
1109,2018-09-24,,16.09281
1110,2018-09-25,,17.54138
1111,2018-09-26,,14.1445
1112,2018-09-27,,9.054680000000001
1113,2018-09-28,,13.138420000000002
1114,2018-09-29,,17.600820000000002
1115,2018-10-01,,10.88301
1116,2018-10-02,,12.66841
1117,2018-10-03,,13.858310000000001
1118,2018-10-04,,9.57423
1119,2018-10-05,,16.56062
1120,2018-10-06,,18.1567
1121,2018-10-08,,13.83849
1122,2018-10-09,,15.31238
1123,2018-10-10,,10.89842
1124,2018-10-11,,10.735510000000001
1125,2018-10-12,,15.26395
1126,2018-10-13,,15.64151
1127,2018-10-15,,17.844089999999998
1128,2018-10-16,,17.7087
1129,2018-10-17,,19.56784
1130,2018-10-18,,18.565070000000002
1131,2018-10-19,,20.2415
1132,2018-10-20,,23.83651
1133,2018-10-22,,14.7378
1134,2018-10-23,,14.571589999999999
1135,2018-10-24,,14.086160000000001
1136,2018-10-25,,14.765320000000001
1137,2018-10-26,,19.86725
1138,2018-10-27,,21.85738
1139,2018-10-29,,13.370679999999998
1140,2018-10-30,,14.43069
1141,2018-10-31,,13.707510000000001
1142,2018-11-01,,12.997530000000001
1143,2018-11-02,,17.5612
1144,2018-11-03,,20.32295
1145,2018-11-05,,12.256730000000001
1146,2018-11-06,,11.60399
1147,2018-11-07,,15.01188
1148,2018-11-08,,15.162679999999998
1149,2018-11-09,,16.061989999999998
1150,2018-11-10,,18.15009
1151,2018-11-12,,10.94905
1152,2018-11-13,,10.887410000000001
1153,2018-11-14,,13.1087
1154,2018-11-15,,14.89631
1155,2018-11-16,,15.652510000000001
1156,2018-11-17,,17.34655
1157,2018-11-19,,12.45486
1158,2018-11-20,,12.125739999999999
1159,2018-11-21,,12.01897
1160,2018-11-22,,11.47521
1161,2018-11-23,,14.776320000000002
1162,2018-11-24,,31.651759999999996
1163,2018-11-26,,10.62764
1164,2018-11-27,,10.66506
1165,2018-11-28,,10.15652
1166,2018-11-29,,10.424000000000001
1167,2018-11-30,,14.094970000000002
1168,2018-12-01,,16.40542
1169,2018-12-03,,12.062999999999999
1170,2018-12-04,,11.377239999999999
1171,2018-12-05,,10.8687
1172,2018-12-06,,11.15489
1173,2018-12-07,,15.25515
1174,2018-12-08,,18.39556
1175,2018-12-10,,11.35192
1176,2018-12-11,,12.25343
1177,2018-12-12,,12.9491
1178,2018-12-13,,12.995330000000001
1179,2018-12-14,,16.40322
1180,2018-12-15,,17.79345
1181,2018-12-17,,12.31287
1182,2018-12-18,,12.24903
1183,2018-12-19,,11.51593
1184,2018-12-20,,11.86267
1185,2018-12-21,,14.4472
1186,2018-12-22,,16.6729
1187,2018-12-24,,18.27668
1188,2018-12-25,,19.016370000000002
1189,2018-12-26,,12.218210000000001
1190,2018-12-27,,12.62218
1191,2018-12-28,,16.75105
1192,2018-12-29,,16.345979999999997
1193,2018-12-31,,21.50955
1194,2019-01-01,,16.94258
1195,2019-01-02,,12.49889
1196,2019-01-03,,12.15766
1197,2019-01-04,,14.487929999999999
1198,2019-01-05,,16.06309
1199,2019-01-07,,13.888029999999999
1200,2019-01-08,,12.87315
1201,2019-01-09,,12.28095
1202,2019-01-10,,13.47085
1203,2019-01-11,,15.250739999999999
1204,2019-01-12,,16.27443
1205,2019-01-14,,14.703679999999999
1206,2019-01-15,,13.513779999999999
1207,2019-01-16,,15.010779999999999
1208,2019-01-17,,12.58695
1209,2019-01-18,,15.075729999999998
1210,2019-01-19,,16.66299
1211,2019-01-21,,13.34646
1212,2019-01-22,,15.015189999999999
1213,2019-01-23,,11.736080000000001
1214,2019-01-24,,11.97494
1215,2019-01-25,,18.98996
1216,2019-01-26,,15.309079999999998
1217,2019-01-28,,11.72507
1218,2019-01-29,,11.179110000000001
1219,2019-01-30,,10.98207
1220,2019-01-31,,12.840119999999999
1221,2019-02-01,,15.1858
1222,2019-02-02,,13.77355
1223,2019-02-04,,13.75044
1224,2019-02-05,,17.23648
1225,2019-02-06,,18.355929999999997
1226,2019-02-07,,14.058639999999999
1227,2019-02-08,,15.95302
1228,2019-02-09,,17.319029999999998
1229,2019-02-11,,13.3938
1230,2019-02-12,,13.05477
1231,2019-02-13,,15.895779999999998
1232,2019-02-14,,16.89855
1233,2019-02-15,,22.9251
1234,2019-02-16,,21.70768
1235,2019-02-18,,18.55516
1236,2019-02-19,,20.722520000000003
1237,2019-02-20,,18.52544
1238,2019-02-21,,18.0081
1239,2019-02-22,,23.17717
1240,2019-02-23,,23.336779999999997
1241,2019-02-25,,19.61518
1242,2019-02-26,,20.36918
1243,2019-02-27,,19.8012
1244,2019-02-28,,22.56406
1245,2019-03-01,,21.705479999999998
1246,2019-03-02,,21.100070000000002
1247,2019-03-04,,13.73613
1248,2019-03-05,,12.90066
1249,2019-03-06,,12.30296
1250,2019-03-07,,13.058069999999999
1251,2019-03-08,,16.98331
1252,2019-03-09,,20.62455
1253,2019-03-11,,12.54072
1254,2019-03-12,,12.27324
1255,2019-03-13,,11.767999999999999
1256,2019-03-14,,11.65793
1257,2019-03-15,,17.83088
1258,2019-03-16,,19.548029999999997
1259,2019-03-18,,13.203370000000001
1260,2019-03-19,,11.9188
1261,2019-03-20,,13.3993
1262,2019-03-21,,11.525839999999999
1263,2019-03-22,,17.21226
1264,2019-03-23,,20.02795
1265,2019-03-25,,11.6073
1266,2019-03-26,,13.88693
1267,2019-03-27,,11.49722
1268,2019-03-28,,12.343689999999999
1269,2019-03-29,,16.54521
1270,2019-03-30,,21.403879999999997
1271,2019-04-01,,14.1478
1272,2019-04-02,,13.30574
1273,2019-04-03,,12.6552
1274,2019-04-04,,13.7009
1275,2019-04-05,,17.311329999999998
1276,2019-04-06,,24.1161
1277,2019-04-08,,15.218820000000001
1278,2019-04-09,,19.37852
1279,2019-04-10,,17.20125
1280,2019-04-11,,16.21719
1281,2019-04-12,,18.877679999999998
1282,2019-04-13,,23.85963
1283,2019-04-15,,13.65027
1284,2019-04-16,,12.938089999999999
1285,2019-04-17,,12.3525
1286,2019-04-18,,13.16484
1287,2019-04-19,,19.04609
1288,2019-04-20,,22.781999999999996
1289,2019-04-22,,12.82691
1290,2019-04-23,,13.949670000000001
1291,2019-04-24,,13.2562
1292,2019-04-25,,15.64811
1293,2019-04-26,,20.0929
1294,2019-04-27,,20.35047
1295,2019-04-29,,14.179720000000001
1296,2019-04-30,,15.9266
1297,2019-05-01,,16.04438
1298,2019-05-02,,14.458210000000001
1299,2019-05-03,,18.23265
1300,2019-05-04,,19.02958
1301,2019-05-06,,18.94373
1302,2019-05-07,,12.74766
1303,2019-05-08,,12.5033
1304,2019-05-09,,11.84175
1305,2019-05-10,,16.00805
1306,2019-05-11,,19.27064
1307,2019-05-13,,13.149429999999999
1308,2019-05-14,,12.38992
1309,2019-05-15,,13.45434
1310,2019-05-16,,12.43945
1311,2019-05-17,,17.88261
1312,2019-05-18,,22.9262
1313,2019-05-20,,16.481370000000002
1314,2019-05-21,,14.06194
1315,2019-05-22,,13.575420000000001
1316,2019-05-23,,12.995330000000001
1317,2019-05-24,,17.16603
1318,2019-05-25,,22.05442
1319,2019-05-27,,15.084529999999999
1320,2019-05-28,,13.8495
1321,2019-05-29,,14.8952
1322,2019-05-30,,12.69813
1323,2019-05-31,,16.69712
1324,2019-06-01,,22.0313
1325,2019-06-03,,12.34809
1326,2019-06-04,,15.309079999999998
1327,2019-06-05,,15.69324
1328,2019-06-06,,21.7363
1329,2019-06-07,,21.57229
1330,2019-06-08,,19.31798
1331,2019-06-10,,12.27875
1332,2019-06-11,,14.38776
1333,2019-06-12,,12.012369999999999
1334,2019-06-13,,11.78341
1335,2019-06-14,,15.72846
1336,2019-06-15,,34.49387
1337,2019-06-17,,11.35743
1338,2019-06-18,,13.23419
1339,2019-06-19,,11.77241
1340,2019-06-20,,11.745989999999999
1341,2019-06-21,,15.121960000000001
1342,2019-06-22,,18.58929
1343,2019-06-24,,11.35412
1344,2019-06-25,,11.56547
1345,2019-06-26,,11.98155
1346,2019-06-27,,11.379439999999999
1347,2019-06-28,,14.5848
1348,2019-06-29,,19.49299
1349,2019-07-01,,11.7647
1350,2019-07-02,,11.628210000000001
1351,2019-07-03,,11.84726
1352,2019-07-04,,12.08502
1353,2019-07-05,,18.3174
1354,2019-07-06,,16.70372
1355,2019-07-08,,11.72067
1356,2019-07-09,,13.1043
1357,2019-07-10,,14.38226
1358,2019-07-11,,12.58585
1359,2019-07-12,,25.01651
1360,2019-07-13,,18.992160000000002
1361,2019-07-15,,14.02452
1362,2019-07-16,,12.7983
1363,2019-07-17,,12.856630000000001
1364,2019-07-18,,14.034429999999999
1365,2019-07-19,,20.30644
1366,2019-07-20,,19.26624
1367,2019-07-22,,18.57498
1368,2019-07-23,,14.31071
1369,2019-07-24,,13.615039999999999
1370,2019-07-25,,14.33823
1371,2019-07-26,,17.79896
1372,2019-07-27,,17.60523
1373,2019-07-29,,16.879839999999998
1374,2019-07-30,,17.07467
1375,2019-07-31,,17.12971
1376,2019-08-01,,16.643179999999997
1377,2019-08-02,,17.40159
1378,2019-08-03,,18.83805
1379,2019-08-05,,16.59365
1380,2019-08-06,,17.46763
1381,2019-08-07,,15.54134
1382,2019-08-08,,14.96455
1383,2019-08-09,,20.969089999999998
1384,2019-08-10,,21.21015
1385,2019-08-12,,20.95808
1386,2019-08-13,,19.06921
1387,2019-08-14,,18.07634
1388,2019-08-15,,20.046670000000002
1389,2019-08-16,,15.721860000000001
1390,2019-08-17,,19.18369
1391,2019-08-19,,14.716879999999998
1392,2019-08-20,,13.9937
1393,2019-08-21,,13.675579999999998
1394,2019-08-22,,13.6921
1395,2019-08-23,,16.14454
1396,2019-08-24,,18.079639999999998
1397,2019-08-26,,12.22701
1398,2019-08-27,,14.10157
1399,2019-08-28,,13.06137
1400,2019-08-29,,13.12742
1401,2019-08-30,,15.86165
1402,2019-08-31,,19.21561
1403,2019-09-02,,12.67942
1404,2019-09-03,,12.66511
1405,2019-09-04,,15.09114
1406,2019-09-05,,15.29587
1407,2019-09-06,,17.28381
1408,2019-09-07,,24.688489999999998
1409,2019-09-09,,12.415239999999999
1410,2019-09-10,,14.16431
1411,2019-09-11,,14.653039999999999
1412,2019-09-12,,17.468729999999997
1413,2019-09-13,,18.23815
1414,2019-09-14,,21.40718
1415,2019-09-16,,12.34919
1416,2019-09-17,,12.18078
1417,2019-09-18,,13.15934
1418,2019-09-19,,12.34479
1419,2019-09-20,,17.88371
1420,2019-09-21,,26.620279999999998
1421,2019-09-23,,13.573220000000001
1422,2019-09-24,,13.284820000000002
1423,2019-09-25,,12.03548
1424,2019-09-26,,12.3657
1425,2019-09-27,,16.64978
1426,2019-09-28,,20.23489
1427,2019-09-30,,12.472480000000001
1428,2019-10-01,,14.474720000000001
1429,2019-10-02,,19.3499
1430,2019-10-03,,19.59096
1431,2019-10-04,,17.06806
1432,2019-10-05,,20.00374
1433,2019-10-07,,14.573789999999999
1434,2019-10-08,,15.573260000000001
1435,2019-10-09,,17.96517
1436,2019-10-10,,12.49559
1437,2019-10-11,,15.64151
1438,2019-10-12,,20.30424
1439,2019-10-14,,12.797189999999999
1440,2019-10-15,,13.4015
1441,2019-10-16,,13.134020000000001
1442,2019-10-17,,13.959579999999999
1443,2019-10-18,,18.39336
1444,2019-10-19,,21.8882
1445,2019-10-21,,14.320620000000002
1446,2019-10-22,,13.824179999999998
1447,2019-10-23,,14.24247
1448,2019-10-24,,14.08946
1449,2019-10-25,,18.29539
1450,2019-10-26,,22.731370000000002
1451,2019-10-28,,13.1065
1452,2019-10-29,,13.47855
1453,2019-10-30,,13.3938
1454,2019-10-31,,13.890229999999999
1455,2019-11-01,,17.57771
1456,2019-11-02,,22.207420000000003
1457,2019-11-04,,13.577620000000001
1458,2019-11-05,,13.93206
1459,2019-11-06,,14.38336
1460,2019-11-07,,14.40758
1461,2019-11-08,,18.853460000000002
1462,2019-11-09,,22.46939
1463,2019-11-11,,14.920520000000002
1464,2019-11-12,,15.13957
1465,2019-11-13,,19.72635
1466,2019-11-14,,21.24757
1467,2019-11-15,,23.59985
1468,2019-11-16,,24.47604
1469,2019-11-18,,16.72573
1470,2019-11-19,,17.78685
1471,2019-11-20,,14.84017
1472,2019-11-21,,13.98269
1473,2019-11-22,,18.33942
1474,2019-11-23,,21.90471
1475,2019-11-25,,14.55398
1476,2019-11-26,,13.67779
1477,2019-11-27,,14.091660000000001
1478,2019-11-28,,13.80877
1479,2019-11-29,,18.49793
1480,2019-11-30,,22.616889999999998
1481,2019-12-02,,14.43399
1482,2019-12-03,,14.38006
1483,2019-12-04,,13.86711
1484,2019-12-05,,14.535260000000001
1485,2019-12-06,,19.7957
1486,2019-12-07,,22.25695
1487,2019-12-09,,13.87592
1488,2019-12-10,,14.418579999999999
1489,2019-12-11,,14.039929999999998
1490,2019-12-12,,13.75704
1491,2019-12-13,,18.264570000000003
1492,2019-12-14,,20.57722
1493,2019-12-16,,13.521479999999999
1494,2019-12-17,,14.771920000000001
1495,2019-12-18,,15.85725
1496,2019-12-19,,13.79667
1497,2019-12-20,,18.47811
1498,2019-12-21,,20.48806
1499,2019-12-23,,14.562779999999998
1500,2019-12-24,,24.93615
1501,2019-12-25,,24.19976
1502,2019-12-26,,14.175320000000001
1503,2019-12-27,,18.044420000000002
1504,2019-12-28,,19.81771
1505,2019-12-30,,17.07137
1506,2019-12-31,,30.29015
1507,2020-01-01,,21.35104
1508,2020-01-02,,14.57819
1509,2020-01-03,,17.64265
1510,2020-01-04,,19.186989999999998
1511,2020-01-06,,16.08951
1512,2020-01-07,,16.70482
1513,2020-01-08,,15.224329999999998
1514,2020-01-09,,15.74828
1515,2020-01-10,,18.394460000000002
1516,2020-01-11,,19.82982
1517,2020-01-13,,15.503910000000001
1518,2020-01-14,,15.19791
1519,2020-01-15,,15.69214
1520,2020-01-16,,15.82753
1521,2020-01-17,,18.84686
1522,2020-01-18,,19.470979999999997
1523,2020-01-20,,15.458779999999999
1524,2020-01-21,,14.84017
1525,2020-01-22,,16.54081
1526,2020-01-23,,17.059260000000002
1527,2020-01-24,,16.482470000000003
1528,2020-01-25,,18.56617
1529,2020-01-27,,24.89322
1530,2020-01-28,,16.41423
1531,2020-01-29,,16.03337
1532,2020-01-30,,16.2227
1533,2020-01-31,,21.285
1534,2020-02-01,,24.285610000000002
1535,2020-02-03,,18.88539
1536,2020-02-04,,18.56727
1537,2020-02-05,,18.862270000000002
1538,2020-02-06,,18.69056
1539,2020-02-07,,22.68404
1540,2020-02-08,,25.70117
1541,2020-02-10,,18.94813
1542,2020-02-11,,17.73291
1543,2020-02-12,,18.59919
1544,2020-02-13,,16.19078
1545,2020-02-14,,19.33119
1546,2020-02-15,,21.851879999999998
1547,2020-02-17,,19.56564
1548,2020-02-18,,16.61786
1549,2020-02-19,,15.891370000000002
1550,2020-02-20,,16.42083
1551,2020-02-21,,21.071460000000002
1552,2020-02-22,,24.34946
1553,2020-02-24,,18.33171
1554,2020-02-25,,21.56018
1555,2020-02-26,,19.27064
1556,2020-02-27,,20.02135
1557,2020-02-28,,31.572509999999998
1558,2020-02-29,,28.964859999999998
1559,2020-03-02,,22.67964
1560,2020-03-03,,21.285
1561,2020-03-04,,21.56679
1562,2020-03-05,,21.63724
1563,2020-03-06,,25.31371
1564,2020-03-07,,26.7953
1565,2020-03-09,,19.57775
1566,2020-03-10,,20.89644
1567,2020-03-11,,18.83475
1568,2020-03-12,,18.858970000000003
1569,2020-03-13,,23.53271
1570,2020-03-14,,25.4502
1571,2020-03-16,,18.24145
1572,2020-03-17,,18.66084
1573,2020-03-18,,17.65916
1574,2020-03-19,,19.30697
1575,2020-03-20,,22.755589999999998
1576,2020-03-21,,23.61747
1577,2020-03-23,,18.38785
1578,2020-03-24,,18.65533
1579,2020-03-25,,18.91731
1580,2020-03-26,,19.45557
1581,2020-03-27,,22.64771
1582,2020-03-28,,23.41603
1583,2020-03-30,,17.1198
1584,2020-03-31,,17.95636
1585,2020-04-01,,18.479210000000002
1586,2020-04-02,,17.800060000000002
1587,2020-04-03,,22.46059
1588,2020-04-04,,25.640629999999998
1589,2020-04-06,,17.7098
1590,2020-04-07,,18.40766
1591,2020-04-08,,19.085720000000002
1592,2020-04-09,,19.17928
1593,2020-04-10,,26.325290000000003
1594,2020-04-11,,26.150270000000003
1595,2020-04-13,,19.81221
1596,2020-04-14,,20.8425
1597,2020-04-15,,23.03517
1598,2020-04-16,,16.35809
1599,2020-04-17,,22.70165
1600,2020-04-18,,23.20139
1601,2020-04-20,,17.758229999999998
1602,2020-04-21,,16.87654
1603,2020-04-22,,17.79125
1604,2020-04-23,,16.89635
1605,2020-04-24,,20.94377
1606,2020-04-25,,25.05723
1607,2020-04-27,,17.10439
1608,2020-04-28,,17.73511
1609,2020-04-29,,18.7577
1610,2020-04-30,,21.095670000000002
1611,2020-05-01,,19.27175
1612,2020-05-02,,22.00929
1613,2020-05-04,,18.84026
1614,2020-05-05,,26.177789999999998
1615,2020-05-06,,15.76149
1616,2020-05-07,,15.16819
1617,2020-05-08,,21.4369
1618,2020-05-09,,22.25475
1619,2020-05-11,,15.46098
1620,2020-05-12,,15.46429
1621,2020-05-13,,15.45328
1622,2020-05-14,,15.91559
1623,2020-05-15,,22.67523
1624,2020-05-16,,22.31529
1625,2020-05-18,,16.2249
1626,2020-05-19,,15.379529999999999
1627,2020-05-20,,14.8919
1628,2020-05-21,,15.29367
1629,2020-05-22,,17.95526
1630,2020-05-23,,21.22446
1631,2020-05-25,,14.179720000000001
1632,2020-05-26,,14.57929
1633,2020-05-27,,13.572120000000002
1634,2020-05-28,,13.26061
1635,2020-05-29,,17.19135
1636,2020-05-30,,20.45834
1637,2020-06-01,,12.5
1638,2020-06-02,,13.303529999999999
1639,2020-06-03,,13.19236
1640,2020-06-04,,14.7455
1641,2020-06-05,,18.596989999999998
1642,2020-06-06,,21.65265
1643,2020-06-08,,13.074580000000001
1644,2020-06-09,,13.524779999999998
1645,2020-06-10,,15.08123
1646,2020-06-11,,14.2876
1647,2020-06-12,,18.82264
1648,2020-06-13,,21.22336
1649,2020-06-15,,13.46204
1650,2020-06-16,,13.05697
1651,2020-06-17,,13.27161
1652,2020-06-18,,14.2931
1653,2020-06-19,,16.84682
1654,2020-06-20,,19.2057
1655,2020-06-22,,12.20059
1656,2020-06-23,,12.623280000000001
1657,2020-06-24,,14.62662
1658,2020-06-25,,13.596329999999998
1659,2020-06-26,,16.77637
1660,2020-06-27,,18.6146
1661,2020-06-29,,13.39269
1662,2020-06-30,,13.584220000000002
1663,2020-07-01,,12.70143
1664,2020-07-02,,12.74876
1665,2020-07-03,,17.34655
1666,2020-07-04,,19.968510000000002
1667,2020-07-06,,12.0663
1668,2020-07-07,,12.47908
1669,2020-07-08,,12.96451
1670,2020-07-09,,12.794989999999999
1671,2020-07-10,,16.56943
1672,2020-07-11,,17.63935
1673,2020-07-13,,12.98432
1674,2020-07-14,,12.01897
1675,2020-07-15,,12.53852
1676,2020-07-16,,25.67695
1677,2020-07-17,,17.79675
1678,2020-07-18,,18.14789
1679,2020-07-20,,12.74656
1680,2020-07-21,,11.823039999999999
1681,2020-07-22,,12.73335
1682,2020-07-23,,13.280420000000001
1683,2020-07-24,,16.55732
1684,2020-07-25,,17.742820000000002
1685,2020-07-27,,12.32498
1686,2020-07-28,,11.853860000000001
1687,2020-07-29,,14.323920000000001
1688,2020-07-30,,14.52095
1689,2020-07-31,,17.39058
1690,2020-08-01,,18.6036
1691,2020-08-03,,15.26285
1692,2020-08-04,,14.948039999999999
1693,2020-08-05,,14.782929999999999
1694,2020-08-06,,15.682229999999999
1695,2020-08-07,,20.22168
1696,2020-08-08,,24.070970000000003
1697,2020-08-10,,19.29376
1698,2020-08-11,,21.72309
1699,2020-08-12,,18.98225
1700,2020-08-13,,17.79235
1701,2020-08-14,,22.654320000000002
1702,2020-08-15,,32.392559999999996
1703,2020-08-17,,19.784689999999998
1704,2020-08-18,,16.17096
1705,2020-08-19,,17.00422
1706,2020-08-20,,17.2684
1707,2020-08-21,,22.22503
1708,2020-08-22,,27.750740000000004
1709,2020-08-24,,16.639879999999998
1710,2020-08-25,,17.63164
1711,2020-08-26,,19.101129999999998
1712,2020-08-27,,17.51276
1713,2020-08-28,,22.88107
1714,2020-08-29,,23.87614
1715,2020-08-31,,16.802789999999998
1716,2020-09-01,,16.176470000000002
1717,2020-09-02,,18.56617
1718,2020-09-03,,19.676820000000003
1719,2020-09-04,,22.48701
1720,2020-09-05,,23.20359
1721,2020-09-07,,18.65863
1722,2020-09-08,,15.96512
1723,2020-09-09,,16.9646
1724,2020-09-10,,15.57766
1725,2020-09-11,,21.628429999999998
1726,2020-09-12,,23.69011
1727,2020-09-14,,14.04323
1728,2020-09-15,,14.639829999999998
1729,2020-09-16,,15.09774
1730,2020-09-17,,14.785129999999999
1731,2020-09-18,,18.81054
1732,2020-09-19,,20.82489
1733,2020-09-21,,13.387189999999999
1734,2020-09-22,,13.005230000000001
1735,2020-09-23,,13.216579999999999
1736,2020-09-24,,13.80988
1737,2020-09-25,,17.88591
1738,2020-09-26,,19.52271
