,날짜,구글검색
0,2015-10-11,29.0
1,2015-10-12,30.0
2,2015-10-13,31.0
3,2015-10-14,32.0
4,2015-10-15,33.0
5,2015-10-16,34.0
6,2015-10-17,35.0
7,2015-10-18,36.0
8,2015-10-19,34.714285714285715
9,2015-10-20,33.42857142857143
10,2015-10-21,32.14285714285714
11,2015-10-22,30.857142857142858
12,2015-10-23,29.57142857142857
13,2015-10-24,28.285714285714285
14,2015-10-25,27.0
15,2015-10-26,26.857142857142858
16,2015-10-27,26.714285714285715
17,2015-10-28,26.571428571428573
18,2015-10-29,26.428571428571427
19,2015-10-30,26.285714285714285
20,2015-10-31,26.142857142857142
21,2015-11-01,26.0
22,2015-11-02,26.0
23,2015-11-03,26.0
24,2015-11-04,26.0
25,2015-11-05,26.0
26,2015-11-06,26.0
27,2015-11-07,26.0
28,2015-11-08,26.0
29,2015-11-09,27.428571428571427
30,2015-11-10,28.857142857142858
31,2015-11-11,30.285714285714285
32,2015-11-12,31.714285714285715
33,2015-11-13,33.142857142857146
34,2015-11-14,34.57142857142857
35,2015-11-15,36.0
36,2015-11-16,35.142857142857146
37,2015-11-17,34.285714285714285
38,2015-11-18,33.42857142857143
39,2015-11-19,32.57142857142857
40,2015-11-20,31.714285714285715
41,2015-11-21,30.857142857142858
42,2015-11-22,30.0
43,2015-11-23,32.714285714285715
44,2015-11-24,35.42857142857143
45,2015-11-25,38.14285714285714
46,2015-11-26,40.85714285714286
47,2015-11-27,43.57142857142857
48,2015-11-28,46.285714285714285
49,2015-11-29,49.0
50,2015-11-30,45.42857142857143
51,2015-12-01,41.857142857142854
52,2015-12-02,38.285714285714285
53,2015-12-03,34.714285714285715
54,2015-12-04,31.142857142857142
55,2015-12-05,27.57142857142857
56,2015-12-06,24.0
57,2015-12-07,26.428571428571427
58,2015-12-08,28.857142857142858
59,2015-12-09,31.285714285714285
60,2015-12-10,33.714285714285715
61,2015-12-11,36.14285714285714
62,2015-12-12,38.57142857142857
63,2015-12-13,41.0
64,2015-12-14,39.857142857142854
65,2015-12-15,38.714285714285715
66,2015-12-16,37.57142857142857
67,2015-12-17,36.42857142857143
68,2015-12-18,35.285714285714285
69,2015-12-19,34.142857142857146
70,2015-12-20,33.0
71,2015-12-21,34.857142857142854
72,2015-12-22,36.714285714285715
73,2015-12-23,38.57142857142857
74,2015-12-24,40.42857142857143
75,2015-12-25,42.285714285714285
76,2015-12-26,44.14285714285714
77,2015-12-27,46.0
78,2015-12-28,42.857142857142854
79,2015-12-29,39.714285714285715
80,2015-12-30,36.57142857142857
81,2015-12-31,33.42857142857143
82,2016-01-01,30.285714285714285
83,2016-01-02,27.142857142857142
84,2016-01-03,24.0
85,2016-01-04,25.0
86,2016-01-05,26.0
87,2016-01-06,27.0
88,2016-01-07,28.0
89,2016-01-08,29.0
90,2016-01-09,30.0
91,2016-01-10,31.0
92,2016-01-11,30.285714285714285
93,2016-01-12,29.571428571428573
94,2016-01-13,28.857142857142858
95,2016-01-14,28.142857142857142
96,2016-01-15,27.428571428571427
97,2016-01-16,26.714285714285715
98,2016-01-17,26.0
99,2016-01-18,26.285714285714285
100,2016-01-19,26.571428571428573
101,2016-01-20,26.857142857142858
102,2016-01-21,27.142857142857142
103,2016-01-22,27.428571428571427
104,2016-01-23,27.714285714285715
105,2016-01-24,28.0
106,2016-01-25,29.142857142857142
107,2016-01-26,30.285714285714285
108,2016-01-27,31.428571428571427
109,2016-01-28,32.57142857142857
110,2016-01-29,33.714285714285715
111,2016-01-30,34.857142857142854
112,2016-01-31,36.0
113,2016-02-01,36.714285714285715
114,2016-02-02,37.42857142857143
115,2016-02-03,38.142857142857146
116,2016-02-04,38.857142857142854
117,2016-02-05,39.57142857142857
118,2016-02-06,40.285714285714285
119,2016-02-07,41.0
120,2016-02-08,41.714285714285715
121,2016-02-09,42.42857142857143
122,2016-02-10,43.142857142857146
123,2016-02-11,43.857142857142854
124,2016-02-12,44.57142857142857
125,2016-02-13,45.285714285714285
126,2016-02-14,46.0
127,2016-02-15,43.857142857142854
128,2016-02-16,41.714285714285715
129,2016-02-17,39.57142857142857
130,2016-02-18,37.42857142857143
131,2016-02-19,35.285714285714285
132,2016-02-20,33.14285714285714
133,2016-02-21,31.0
134,2016-02-22,32.42857142857143
135,2016-02-23,33.857142857142854
136,2016-02-24,35.285714285714285
137,2016-02-25,36.714285714285715
138,2016-02-26,38.142857142857146
139,2016-02-27,39.57142857142857
140,2016-02-28,41.0
141,2016-02-29,39.57142857142857
142,2016-03-01,38.142857142857146
143,2016-03-02,36.714285714285715
144,2016-03-03,35.285714285714285
145,2016-03-04,33.857142857142854
146,2016-03-05,32.42857142857143
147,2016-03-06,31.0
148,2016-03-07,30.142857142857142
149,2016-03-08,29.285714285714285
150,2016-03-09,28.42857142857143
151,2016-03-10,27.571428571428573
152,2016-03-11,26.714285714285715
153,2016-03-12,25.857142857142858
154,2016-03-13,25.0
155,2016-03-14,25.285714285714285
156,2016-03-15,25.571428571428573
157,2016-03-16,25.857142857142858
158,2016-03-17,26.142857142857142
159,2016-03-18,26.428571428571427
160,2016-03-19,26.714285714285715
161,2016-03-20,27.0
162,2016-03-21,27.0
163,2016-03-22,27.0
164,2016-03-23,27.0
165,2016-03-24,27.0
166,2016-03-25,27.0
167,2016-03-26,27.0
168,2016-03-27,27.0
169,2016-03-28,26.714285714285715
170,2016-03-29,26.428571428571427
171,2016-03-30,26.142857142857142
172,2016-03-31,25.857142857142858
173,2016-04-01,25.571428571428573
174,2016-04-02,25.285714285714285
175,2016-04-03,25.0
176,2016-04-04,24.0
177,2016-04-05,23.0
178,2016-04-06,22.0
179,2016-04-07,21.0
180,2016-04-08,20.0
181,2016-04-09,19.0
182,2016-04-10,18.0
183,2016-04-11,23.0
184,2016-04-12,28.0
185,2016-04-13,33.0
186,2016-04-14,38.0
187,2016-04-15,43.0
188,2016-04-16,48.0
189,2016-04-17,53.0
190,2016-04-18,50.714285714285715
191,2016-04-19,48.42857142857143
192,2016-04-20,46.142857142857146
193,2016-04-21,43.85714285714286
194,2016-04-22,41.57142857142857
195,2016-04-23,39.285714285714285
196,2016-04-24,37.0
197,2016-04-25,36.57142857142857
198,2016-04-26,36.142857142857146
199,2016-04-27,35.714285714285715
200,2016-04-28,35.285714285714285
201,2016-04-29,34.857142857142854
202,2016-04-30,34.42857142857143
203,2016-05-01,34.0
204,2016-05-02,33.142857142857146
205,2016-05-03,32.285714285714285
206,2016-05-04,31.42857142857143
207,2016-05-05,30.571428571428573
208,2016-05-06,29.714285714285715
209,2016-05-07,28.857142857142858
210,2016-05-08,28.0
211,2016-05-09,28.428571428571427
212,2016-05-10,28.857142857142858
213,2016-05-11,29.285714285714285
214,2016-05-12,29.714285714285715
215,2016-05-13,30.142857142857142
216,2016-05-14,30.57142857142857
217,2016-05-15,31.0
218,2016-05-16,30.571428571428573
219,2016-05-17,30.142857142857142
220,2016-05-18,29.714285714285715
221,2016-05-19,29.285714285714285
222,2016-05-20,28.857142857142858
223,2016-05-21,28.42857142857143
224,2016-05-22,28.0
225,2016-05-23,28.285714285714285
226,2016-05-24,28.571428571428573
227,2016-05-25,28.857142857142858
228,2016-05-26,29.142857142857142
229,2016-05-27,29.428571428571427
230,2016-05-28,29.714285714285715
231,2016-05-29,30.0
232,2016-05-30,32.142857142857146
233,2016-05-31,34.285714285714285
234,2016-06-01,36.42857142857143
235,2016-06-02,38.57142857142857
236,2016-06-03,40.714285714285715
237,2016-06-04,42.85714285714286
238,2016-06-05,45.0
239,2016-06-06,42.714285714285715
240,2016-06-07,40.42857142857143
241,2016-06-08,38.142857142857146
242,2016-06-09,35.85714285714286
243,2016-06-10,33.57142857142857
244,2016-06-11,31.285714285714285
245,2016-06-12,29.0
246,2016-06-13,29.142857142857142
247,2016-06-14,29.285714285714285
248,2016-06-15,29.428571428571427
249,2016-06-16,29.571428571428573
250,2016-06-17,29.714285714285715
251,2016-06-18,29.857142857142858
252,2016-06-19,30.0
253,2016-06-20,32.42857142857143
254,2016-06-21,34.857142857142854
255,2016-06-22,37.285714285714285
256,2016-06-23,39.714285714285715
257,2016-06-24,42.14285714285714
258,2016-06-25,44.57142857142857
259,2016-06-26,47.0
260,2016-06-27,44.42857142857143
261,2016-06-28,41.857142857142854
262,2016-06-29,39.285714285714285
263,2016-06-30,36.714285714285715
264,2016-07-01,34.14285714285714
265,2016-07-02,31.57142857142857
266,2016-07-03,29.0
267,2016-07-04,30.571428571428573
268,2016-07-05,32.142857142857146
269,2016-07-06,33.714285714285715
270,2016-07-07,35.285714285714285
271,2016-07-08,36.857142857142854
272,2016-07-09,38.42857142857143
273,2016-07-10,40.0
274,2016-07-11,38.42857142857143
275,2016-07-12,36.857142857142854
276,2016-07-13,35.285714285714285
277,2016-07-14,33.714285714285715
278,2016-07-15,32.142857142857146
279,2016-07-16,30.57142857142857
280,2016-07-17,29.0
281,2016-07-18,29.714285714285715
282,2016-07-19,30.428571428571427
283,2016-07-20,31.142857142857142
284,2016-07-21,31.857142857142858
285,2016-07-22,32.57142857142857
286,2016-07-23,33.285714285714285
287,2016-07-24,34.0
288,2016-07-25,34.285714285714285
289,2016-07-26,34.57142857142857
290,2016-07-27,34.857142857142854
291,2016-07-28,35.142857142857146
292,2016-07-29,35.42857142857143
293,2016-07-30,35.714285714285715
294,2016-07-31,36.0
295,2016-08-01,37.57142857142857
296,2016-08-02,39.142857142857146
297,2016-08-03,40.714285714285715
298,2016-08-04,42.285714285714285
299,2016-08-05,43.857142857142854
300,2016-08-06,45.42857142857143
301,2016-08-07,47.0
302,2016-08-08,47.857142857142854
303,2016-08-09,48.714285714285715
304,2016-08-10,49.57142857142857
305,2016-08-11,50.42857142857143
306,2016-08-12,51.285714285714285
307,2016-08-13,52.14285714285714
308,2016-08-14,53.0
309,2016-08-15,50.0
310,2016-08-16,47.0
311,2016-08-17,44.0
312,2016-08-18,41.0
313,2016-08-19,38.0
314,2016-08-20,35.0
315,2016-08-21,32.0
316,2016-08-22,31.285714285714285
317,2016-08-23,30.571428571428573
318,2016-08-24,29.857142857142858
319,2016-08-25,29.142857142857142
320,2016-08-26,28.428571428571427
321,2016-08-27,27.714285714285715
322,2016-08-28,27.0
323,2016-08-29,28.0
324,2016-08-30,29.0
325,2016-08-31,30.0
326,2016-09-01,31.0
327,2016-09-02,32.0
328,2016-09-03,33.0
329,2016-09-04,34.0
330,2016-09-05,36.714285714285715
331,2016-09-06,39.42857142857143
332,2016-09-07,42.14285714285714
333,2016-09-08,44.85714285714286
334,2016-09-09,47.57142857142857
335,2016-09-10,50.285714285714285
336,2016-09-11,53.0
337,2016-09-12,49.142857142857146
338,2016-09-13,45.285714285714285
339,2016-09-14,41.42857142857143
340,2016-09-15,37.57142857142857
341,2016-09-16,33.714285714285715
342,2016-09-17,29.857142857142858
343,2016-09-18,26.0
344,2016-09-19,28.0
345,2016-09-20,30.0
346,2016-09-21,32.0
347,2016-09-22,34.0
348,2016-09-23,36.0
349,2016-09-24,38.0
350,2016-09-25,40.0
351,2016-09-26,38.42857142857143
352,2016-09-27,36.857142857142854
353,2016-09-28,35.285714285714285
354,2016-09-29,33.714285714285715
355,2016-09-30,32.142857142857146
356,2016-10-01,30.57142857142857
357,2016-10-02,29.0
358,2016-10-03,30.571428571428573
359,2016-10-04,32.142857142857146
360,2016-10-05,33.714285714285715
361,2016-10-06,35.285714285714285
362,2016-10-07,36.857142857142854
363,2016-10-08,38.42857142857143
364,2016-10-09,40.0
365,2016-10-10,38.285714285714285
366,2016-10-11,36.57142857142857
367,2016-10-12,34.85714285714286
368,2016-10-13,33.142857142857146
369,2016-10-14,31.42857142857143
370,2016-10-15,29.714285714285715
371,2016-10-16,28.0
372,2016-10-17,27.285714285714285
373,2016-10-18,26.571428571428573
374,2016-10-19,25.857142857142858
375,2016-10-20,25.142857142857142
376,2016-10-21,24.428571428571427
377,2016-10-22,23.714285714285715
378,2016-10-23,23.0
379,2016-10-24,24.571428571428573
380,2016-10-25,26.142857142857142
381,2016-10-26,27.714285714285715
382,2016-10-27,29.285714285714285
383,2016-10-28,30.857142857142858
384,2016-10-29,32.42857142857143
385,2016-10-30,34.0
386,2016-10-31,32.0
387,2016-11-01,30.0
388,2016-11-02,28.0
389,2016-11-03,26.0
390,2016-11-04,24.0
391,2016-11-05,22.0
392,2016-11-06,20.0
393,2016-11-07,22.285714285714285
394,2016-11-08,24.57142857142857
395,2016-11-09,26.857142857142858
396,2016-11-10,29.142857142857142
397,2016-11-11,31.428571428571427
398,2016-11-12,33.714285714285715
399,2016-11-13,36.0
400,2016-11-14,35.57142857142857
401,2016-11-15,35.142857142857146
402,2016-11-16,34.714285714285715
403,2016-11-17,34.285714285714285
404,2016-11-18,33.857142857142854
405,2016-11-19,33.42857142857143
406,2016-11-20,33.0
407,2016-11-21,34.42857142857143
408,2016-11-22,35.857142857142854
409,2016-11-23,37.285714285714285
410,2016-11-24,38.714285714285715
411,2016-11-25,40.142857142857146
412,2016-11-26,41.57142857142857
413,2016-11-27,43.0
414,2016-11-28,42.285714285714285
415,2016-11-29,41.57142857142857
416,2016-11-30,40.857142857142854
417,2016-12-01,40.142857142857146
418,2016-12-02,39.42857142857143
419,2016-12-03,38.714285714285715
420,2016-12-04,38.0
421,2016-12-05,38.714285714285715
422,2016-12-06,39.42857142857143
423,2016-12-07,40.142857142857146
424,2016-12-08,40.857142857142854
425,2016-12-09,41.57142857142857
426,2016-12-10,42.285714285714285
427,2016-12-11,43.0
428,2016-12-12,43.0
429,2016-12-13,43.0
430,2016-12-14,43.0
431,2016-12-15,43.0
432,2016-12-16,43.0
433,2016-12-17,43.0
434,2016-12-18,43.0
435,2016-12-19,44.285714285714285
436,2016-12-20,45.57142857142857
437,2016-12-21,46.85714285714286
438,2016-12-22,48.142857142857146
439,2016-12-23,49.42857142857143
440,2016-12-24,50.714285714285715
441,2016-12-25,52.0
442,2016-12-26,51.42857142857143
443,2016-12-27,50.857142857142854
444,2016-12-28,50.285714285714285
445,2016-12-29,49.714285714285715
446,2016-12-30,49.142857142857146
447,2016-12-31,48.57142857142857
448,2017-01-01,48.0
449,2017-01-02,45.714285714285715
450,2017-01-03,43.42857142857143
451,2017-01-04,41.142857142857146
452,2017-01-05,38.85714285714286
453,2017-01-06,36.57142857142857
454,2017-01-07,34.285714285714285
455,2017-01-08,32.0
456,2017-01-09,32.42857142857143
457,2017-01-10,32.857142857142854
458,2017-01-11,33.285714285714285
459,2017-01-12,33.714285714285715
460,2017-01-13,34.142857142857146
461,2017-01-14,34.57142857142857
462,2017-01-15,35.0
463,2017-01-16,35.142857142857146
464,2017-01-17,35.285714285714285
465,2017-01-18,35.42857142857143
466,2017-01-19,35.57142857142857
467,2017-01-20,35.714285714285715
468,2017-01-21,35.857142857142854
469,2017-01-22,36.0
470,2017-01-23,34.857142857142854
471,2017-01-24,33.714285714285715
472,2017-01-25,32.57142857142857
473,2017-01-26,31.42857142857143
474,2017-01-27,30.285714285714285
475,2017-01-28,29.142857142857142
476,2017-01-29,28.0
477,2017-01-30,30.571428571428573
478,2017-01-31,33.142857142857146
479,2017-02-01,35.714285714285715
480,2017-02-02,38.285714285714285
481,2017-02-03,40.85714285714286
482,2017-02-04,43.42857142857143
483,2017-02-05,46.0
484,2017-02-06,47.285714285714285
485,2017-02-07,48.57142857142857
486,2017-02-08,49.85714285714286
487,2017-02-09,51.142857142857146
488,2017-02-10,52.42857142857143
489,2017-02-11,53.714285714285715
490,2017-02-12,55.0
491,2017-02-13,54.0
492,2017-02-14,53.0
493,2017-02-15,52.0
494,2017-02-16,51.0
495,2017-02-17,50.0
496,2017-02-18,49.0
497,2017-02-19,48.0
498,2017-02-20,48.0
499,2017-02-21,48.0
500,2017-02-22,48.0
501,2017-02-23,48.0
502,2017-02-24,48.0
503,2017-02-25,48.0
504,2017-02-26,48.0
505,2017-02-27,46.0
506,2017-02-28,44.0
507,2017-03-01,42.0
508,2017-03-02,40.0
509,2017-03-03,38.0
510,2017-03-04,36.0
511,2017-03-05,34.0
512,2017-03-06,36.0
513,2017-03-07,38.0
514,2017-03-08,40.0
515,2017-03-09,42.0
516,2017-03-10,44.0
517,2017-03-11,46.0
518,2017-03-12,48.0
519,2017-03-13,44.857142857142854
520,2017-03-14,41.714285714285715
521,2017-03-15,38.57142857142857
522,2017-03-16,35.42857142857143
523,2017-03-17,32.285714285714285
524,2017-03-18,29.142857142857142
525,2017-03-19,26.0
526,2017-03-20,27.0
527,2017-03-21,28.0
528,2017-03-22,29.0
529,2017-03-23,30.0
530,2017-03-24,31.0
531,2017-03-25,32.0
532,2017-03-26,33.0
533,2017-03-27,34.0
534,2017-03-28,35.0
535,2017-03-29,36.0
536,2017-03-30,37.0
537,2017-03-31,38.0
538,2017-04-01,39.0
539,2017-04-02,40.0
540,2017-04-03,39.42857142857143
541,2017-04-04,38.857142857142854
542,2017-04-05,38.285714285714285
543,2017-04-06,37.714285714285715
544,2017-04-07,37.142857142857146
545,2017-04-08,36.57142857142857
546,2017-04-09,36.0
547,2017-04-10,38.57142857142857
548,2017-04-11,41.142857142857146
549,2017-04-12,43.714285714285715
550,2017-04-13,46.285714285714285
551,2017-04-14,48.85714285714286
552,2017-04-15,51.42857142857143
553,2017-04-16,54.0
554,2017-04-17,51.857142857142854
555,2017-04-18,49.714285714285715
556,2017-04-19,47.57142857142857
557,2017-04-20,45.42857142857143
558,2017-04-21,43.285714285714285
559,2017-04-22,41.14285714285714
560,2017-04-23,39.0
561,2017-04-24,40.857142857142854
562,2017-04-25,42.714285714285715
563,2017-04-26,44.57142857142857
564,2017-04-27,46.42857142857143
565,2017-04-28,48.285714285714285
566,2017-04-29,50.14285714285714
567,2017-04-30,52.0
568,2017-05-01,52.142857142857146
569,2017-05-02,52.285714285714285
570,2017-05-03,52.42857142857143
571,2017-05-04,52.57142857142857
572,2017-05-05,52.714285714285715
573,2017-05-06,52.857142857142854
574,2017-05-07,53.0
575,2017-05-08,52.0
576,2017-05-09,51.0
577,2017-05-10,50.0
578,2017-05-11,49.0
579,2017-05-12,48.0
580,2017-05-13,47.0
581,2017-05-14,46.0
582,2017-05-15,45.42857142857143
583,2017-05-16,44.857142857142854
584,2017-05-17,44.285714285714285
585,2017-05-18,43.714285714285715
586,2017-05-19,43.142857142857146
587,2017-05-20,42.57142857142857
588,2017-05-21,42.0
589,2017-05-22,41.714285714285715
590,2017-05-23,41.42857142857143
591,2017-05-24,41.142857142857146
592,2017-05-25,40.857142857142854
593,2017-05-26,40.57142857142857
594,2017-05-27,40.285714285714285
595,2017-05-28,40.0
596,2017-05-29,39.42857142857143
597,2017-05-30,38.857142857142854
598,2017-05-31,38.285714285714285
599,2017-06-01,37.714285714285715
600,2017-06-02,37.142857142857146
601,2017-06-03,36.57142857142857
602,2017-06-04,36.0
603,2017-06-05,36.857142857142854
604,2017-06-06,37.714285714285715
605,2017-06-07,38.57142857142857
606,2017-06-08,39.42857142857143
607,2017-06-09,40.285714285714285
608,2017-06-10,41.14285714285714
609,2017-06-11,42.0
610,2017-06-12,43.714285714285715
611,2017-06-13,45.42857142857143
612,2017-06-14,47.14285714285714
613,2017-06-15,48.857142857142854
614,2017-06-16,50.57142857142857
615,2017-06-17,52.285714285714285
616,2017-06-18,54.0
617,2017-06-19,52.714285714285715
618,2017-06-20,51.42857142857143
619,2017-06-21,50.14285714285714
620,2017-06-22,48.857142857142854
621,2017-06-23,47.57142857142857
622,2017-06-24,46.285714285714285
623,2017-06-25,45.0
624,2017-06-26,44.857142857142854
625,2017-06-27,44.714285714285715
626,2017-06-28,44.57142857142857
627,2017-06-29,44.42857142857143
628,2017-06-30,44.285714285714285
629,2017-07-01,44.142857142857146
630,2017-07-02,44.0
631,2017-07-03,47.57142857142857
632,2017-07-04,51.142857142857146
633,2017-07-05,54.714285714285715
634,2017-07-06,58.285714285714285
635,2017-07-07,61.85714285714286
636,2017-07-08,65.42857142857143
637,2017-07-09,69.0
638,2017-07-10,64.71428571428571
639,2017-07-11,60.42857142857143
640,2017-07-12,56.14285714285714
641,2017-07-13,51.85714285714286
642,2017-07-14,47.57142857142857
643,2017-07-15,43.285714285714285
644,2017-07-16,39.0
645,2017-07-17,41.142857142857146
646,2017-07-18,43.285714285714285
647,2017-07-19,45.42857142857143
648,2017-07-20,47.57142857142857
649,2017-07-21,49.714285714285715
650,2017-07-22,51.85714285714286
651,2017-07-23,54.0
652,2017-07-24,53.857142857142854
653,2017-07-25,53.714285714285715
654,2017-07-26,53.57142857142857
655,2017-07-27,53.42857142857143
656,2017-07-28,53.285714285714285
657,2017-07-29,53.142857142857146
658,2017-07-30,53.0
659,2017-07-31,52.857142857142854
660,2017-08-01,52.714285714285715
661,2017-08-02,52.57142857142857
662,2017-08-03,52.42857142857143
663,2017-08-04,52.285714285714285
664,2017-08-05,52.142857142857146
665,2017-08-06,52.0
666,2017-08-07,51.714285714285715
667,2017-08-08,51.42857142857143
668,2017-08-09,51.142857142857146
669,2017-08-10,50.857142857142854
670,2017-08-11,50.57142857142857
671,2017-08-12,50.285714285714285
672,2017-08-13,50.0
673,2017-08-14,49.0
674,2017-08-15,48.0
675,2017-08-16,47.0
676,2017-08-17,46.0
677,2017-08-18,45.0
678,2017-08-19,44.0
679,2017-08-20,43.0
680,2017-08-21,42.0
681,2017-08-22,41.0
682,2017-08-23,40.0
683,2017-08-24,39.0
684,2017-08-25,38.0
685,2017-08-26,37.0
686,2017-08-27,36.0
687,2017-08-28,35.714285714285715
688,2017-08-29,35.42857142857143
689,2017-08-30,35.142857142857146
690,2017-08-31,34.857142857142854
691,2017-09-01,34.57142857142857
692,2017-09-02,34.285714285714285
693,2017-09-03,34.0
694,2017-09-04,35.714285714285715
695,2017-09-05,37.42857142857143
696,2017-09-06,39.14285714285714
697,2017-09-07,40.857142857142854
698,2017-09-08,42.57142857142857
699,2017-09-09,44.285714285714285
700,2017-09-10,46.0
701,2017-09-11,45.57142857142857
702,2017-09-12,45.142857142857146
703,2017-09-13,44.714285714285715
704,2017-09-14,44.285714285714285
705,2017-09-15,43.857142857142854
706,2017-09-16,43.42857142857143
707,2017-09-17,43.0
708,2017-09-18,44.42857142857143
709,2017-09-19,45.857142857142854
710,2017-09-20,47.285714285714285
711,2017-09-21,48.714285714285715
712,2017-09-22,50.142857142857146
713,2017-09-23,51.57142857142857
714,2017-09-24,53.0
715,2017-09-25,52.857142857142854
716,2017-09-26,52.714285714285715
717,2017-09-27,52.57142857142857
718,2017-09-28,52.42857142857143
719,2017-09-29,52.285714285714285
720,2017-09-30,52.142857142857146
721,2017-10-01,52.0
722,2017-10-02,50.42857142857143
723,2017-10-03,48.857142857142854
724,2017-10-04,47.285714285714285
725,2017-10-05,45.714285714285715
726,2017-10-06,44.142857142857146
727,2017-10-07,42.57142857142857
728,2017-10-08,41.0
729,2017-10-09,40.57142857142857
730,2017-10-10,40.142857142857146
731,2017-10-11,39.714285714285715
732,2017-10-12,39.285714285714285
733,2017-10-13,38.857142857142854
734,2017-10-14,38.42857142857143
735,2017-10-15,38.0
736,2017-10-16,39.857142857142854
737,2017-10-17,41.714285714285715
738,2017-10-18,43.57142857142857
739,2017-10-19,45.42857142857143
740,2017-10-20,47.285714285714285
741,2017-10-21,49.14285714285714
742,2017-10-22,51.0
743,2017-10-23,47.57142857142857
744,2017-10-24,44.142857142857146
745,2017-10-25,40.714285714285715
746,2017-10-26,37.285714285714285
747,2017-10-27,33.85714285714286
748,2017-10-28,30.42857142857143
749,2017-10-29,27.0
750,2017-10-30,29.142857142857142
751,2017-10-31,31.285714285714285
752,2017-11-01,33.42857142857143
753,2017-11-02,35.57142857142857
754,2017-11-03,37.714285714285715
755,2017-11-04,39.85714285714286
756,2017-11-05,42.0
757,2017-11-06,45.57142857142857
758,2017-11-07,49.142857142857146
759,2017-11-08,52.714285714285715
760,2017-11-09,56.285714285714285
761,2017-11-10,59.85714285714286
762,2017-11-11,63.42857142857143
763,2017-11-12,67.0
764,2017-11-13,64.71428571428571
765,2017-11-14,62.42857142857143
766,2017-11-15,60.142857142857146
767,2017-11-16,57.85714285714286
768,2017-11-17,55.57142857142857
769,2017-11-18,53.285714285714285
770,2017-11-19,51.0
771,2017-11-20,54.57142857142857
772,2017-11-21,58.142857142857146
773,2017-11-22,61.714285714285715
774,2017-11-23,65.28571428571429
775,2017-11-24,68.85714285714286
776,2017-11-25,72.42857142857143
777,2017-11-26,76.0
778,2017-11-27,72.71428571428571
779,2017-11-28,69.42857142857143
780,2017-11-29,66.14285714285714
781,2017-11-30,62.85714285714286
782,2017-12-01,59.57142857142857
783,2017-12-02,56.285714285714285
784,2017-12-03,53.0
785,2017-12-04,53.57142857142857
786,2017-12-05,54.142857142857146
787,2017-12-06,54.714285714285715
788,2017-12-07,55.285714285714285
789,2017-12-08,55.857142857142854
790,2017-12-09,56.42857142857143
791,2017-12-10,57.0
792,2017-12-11,57.285714285714285
793,2017-12-12,57.57142857142857
794,2017-12-13,57.857142857142854
795,2017-12-14,58.142857142857146
796,2017-12-15,58.42857142857143
797,2017-12-16,58.714285714285715
798,2017-12-17,59.0
799,2017-12-18,57.57142857142857
800,2017-12-19,56.142857142857146
801,2017-12-20,54.714285714285715
802,2017-12-21,53.285714285714285
803,2017-12-22,51.857142857142854
804,2017-12-23,50.42857142857143
805,2017-12-24,49.0
806,2017-12-25,51.142857142857146
807,2017-12-26,53.285714285714285
808,2017-12-27,55.42857142857143
809,2017-12-28,57.57142857142857
810,2017-12-29,59.714285714285715
811,2017-12-30,61.85714285714286
812,2017-12-31,64.0
813,2018-01-01,60.0
814,2018-01-02,56.0
815,2018-01-03,52.0
816,2018-01-04,48.0
817,2018-01-05,44.0
818,2018-01-06,40.0
819,2018-01-07,36.0
820,2018-01-08,37.0
821,2018-01-09,38.0
822,2018-01-10,39.0
823,2018-01-11,40.0
824,2018-01-12,41.0
825,2018-01-13,42.0
826,2018-01-14,43.0
827,2018-01-15,42.57142857142857
828,2018-01-16,42.142857142857146
829,2018-01-17,41.714285714285715
830,2018-01-18,41.285714285714285
831,2018-01-19,40.857142857142854
832,2018-01-20,40.42857142857143
833,2018-01-21,40.0
834,2018-01-22,40.57142857142857
835,2018-01-23,41.142857142857146
836,2018-01-24,41.714285714285715
837,2018-01-25,42.285714285714285
838,2018-01-26,42.857142857142854
839,2018-01-27,43.42857142857143
840,2018-01-28,44.0
841,2018-01-29,44.142857142857146
842,2018-01-30,44.285714285714285
843,2018-01-31,44.42857142857143
844,2018-02-01,44.57142857142857
845,2018-02-02,44.714285714285715
846,2018-02-03,44.857142857142854
847,2018-02-04,45.0
848,2018-02-05,46.714285714285715
849,2018-02-06,48.42857142857143
850,2018-02-07,50.14285714285714
851,2018-02-08,51.857142857142854
852,2018-02-09,53.57142857142857
853,2018-02-10,55.285714285714285
854,2018-02-11,57.0
855,2018-02-12,54.57142857142857
856,2018-02-13,52.142857142857146
857,2018-02-14,49.714285714285715
858,2018-02-15,47.285714285714285
859,2018-02-16,44.85714285714286
860,2018-02-17,42.42857142857143
861,2018-02-18,40.0
862,2018-02-19,41.714285714285715
863,2018-02-20,43.42857142857143
864,2018-02-21,45.14285714285714
865,2018-02-22,46.857142857142854
866,2018-02-23,48.57142857142857
867,2018-02-24,50.285714285714285
868,2018-02-25,52.0
869,2018-02-26,51.857142857142854
870,2018-02-27,51.714285714285715
871,2018-02-28,51.57142857142857
872,2018-03-01,51.42857142857143
873,2018-03-02,51.285714285714285
874,2018-03-03,51.142857142857146
875,2018-03-04,51.0
876,2018-03-05,50.142857142857146
877,2018-03-06,49.285714285714285
878,2018-03-07,48.42857142857143
879,2018-03-08,47.57142857142857
880,2018-03-09,46.714285714285715
881,2018-03-10,45.85714285714286
882,2018-03-11,45.0
883,2018-03-12,46.42857142857143
884,2018-03-13,47.857142857142854
885,2018-03-14,49.285714285714285
886,2018-03-15,50.714285714285715
887,2018-03-16,52.142857142857146
888,2018-03-17,53.57142857142857
889,2018-03-18,55.0
890,2018-03-19,51.714285714285715
891,2018-03-20,48.42857142857143
892,2018-03-21,45.14285714285714
893,2018-03-22,41.85714285714286
894,2018-03-23,38.57142857142857
895,2018-03-24,35.285714285714285
896,2018-03-25,32.0
897,2018-03-26,32.857142857142854
898,2018-03-27,33.714285714285715
899,2018-03-28,34.57142857142857
900,2018-03-29,35.42857142857143
901,2018-03-30,36.285714285714285
902,2018-03-31,37.14285714285714
903,2018-04-01,38.0
904,2018-04-02,37.42857142857143
905,2018-04-03,36.857142857142854
906,2018-04-04,36.285714285714285
907,2018-04-05,35.714285714285715
908,2018-04-06,35.142857142857146
909,2018-04-07,34.57142857142857
910,2018-04-08,34.0
911,2018-04-09,34.285714285714285
912,2018-04-10,34.57142857142857
913,2018-04-11,34.857142857142854
914,2018-04-12,35.142857142857146
915,2018-04-13,35.42857142857143
916,2018-04-14,35.714285714285715
917,2018-04-15,36.0
918,2018-04-16,38.142857142857146
919,2018-04-17,40.285714285714285
920,2018-04-18,42.42857142857143
921,2018-04-19,44.57142857142857
922,2018-04-20,46.714285714285715
923,2018-04-21,48.85714285714286
924,2018-04-22,51.0
925,2018-04-23,50.714285714285715
926,2018-04-24,50.42857142857143
927,2018-04-25,50.142857142857146
928,2018-04-26,49.857142857142854
929,2018-04-27,49.57142857142857
930,2018-04-28,49.285714285714285
931,2018-04-29,49.0
932,2018-04-30,47.857142857142854
933,2018-05-01,46.714285714285715
934,2018-05-02,45.57142857142857
935,2018-05-03,44.42857142857143
936,2018-05-04,43.285714285714285
937,2018-05-05,42.142857142857146
938,2018-05-06,41.0
939,2018-05-07,42.142857142857146
940,2018-05-08,43.285714285714285
941,2018-05-09,44.42857142857143
942,2018-05-10,45.57142857142857
943,2018-05-11,46.714285714285715
944,2018-05-12,47.857142857142854
945,2018-05-13,49.0
946,2018-05-14,47.57142857142857
947,2018-05-15,46.142857142857146
948,2018-05-16,44.714285714285715
949,2018-05-17,43.285714285714285
950,2018-05-18,41.857142857142854
951,2018-05-19,40.42857142857143
952,2018-05-20,39.0
953,2018-05-21,39.285714285714285
954,2018-05-22,39.57142857142857
955,2018-05-23,39.857142857142854
956,2018-05-24,40.142857142857146
957,2018-05-25,40.42857142857143
958,2018-05-26,40.714285714285715
959,2018-05-27,41.0
960,2018-05-28,42.57142857142857
961,2018-05-29,44.142857142857146
962,2018-05-30,45.714285714285715
963,2018-05-31,47.285714285714285
964,2018-06-01,48.857142857142854
965,2018-06-02,50.42857142857143
966,2018-06-03,52.0
967,2018-06-04,52.42857142857143
968,2018-06-05,52.857142857142854
969,2018-06-06,53.285714285714285
970,2018-06-07,53.714285714285715
971,2018-06-08,54.142857142857146
972,2018-06-09,54.57142857142857
973,2018-06-10,55.0
974,2018-06-11,54.285714285714285
975,2018-06-12,53.57142857142857
976,2018-06-13,52.857142857142854
977,2018-06-14,52.142857142857146
978,2018-06-15,51.42857142857143
979,2018-06-16,50.714285714285715
980,2018-06-17,50.0
981,2018-06-18,48.714285714285715
982,2018-06-19,47.42857142857143
983,2018-06-20,46.14285714285714
984,2018-06-21,44.857142857142854
985,2018-06-22,43.57142857142857
986,2018-06-23,42.285714285714285
987,2018-06-24,41.0
988,2018-06-25,41.42857142857143
989,2018-06-26,41.857142857142854
990,2018-06-27,42.285714285714285
991,2018-06-28,42.714285714285715
992,2018-06-29,43.142857142857146
993,2018-06-30,43.57142857142857
994,2018-07-01,44.0
995,2018-07-02,45.0
996,2018-07-03,46.0
997,2018-07-04,47.0
998,2018-07-05,48.0
999,2018-07-06,49.0
1000,2018-07-07,50.0
1001,2018-07-08,51.0
1002,2018-07-09,50.142857142857146
1003,2018-07-10,49.285714285714285
1004,2018-07-11,48.42857142857143
1005,2018-07-12,47.57142857142857
1006,2018-07-13,46.714285714285715
1007,2018-07-14,45.85714285714286
1008,2018-07-15,45.0
1009,2018-07-16,43.57142857142857
1010,2018-07-17,42.142857142857146
1011,2018-07-18,40.714285714285715
1012,2018-07-19,39.285714285714285
1013,2018-07-20,37.857142857142854
1014,2018-07-21,36.42857142857143
1015,2018-07-22,35.0
1016,2018-07-23,36.142857142857146
1017,2018-07-24,37.285714285714285
1018,2018-07-25,38.42857142857143
1019,2018-07-26,39.57142857142857
1020,2018-07-27,40.714285714285715
1021,2018-07-28,41.857142857142854
1022,2018-07-29,43.0
1023,2018-07-30,44.0
1024,2018-07-31,45.0
1025,2018-08-01,46.0
1026,2018-08-02,47.0
1027,2018-08-03,48.0
1028,2018-08-04,49.0
1029,2018-08-05,50.0
1030,2018-08-06,48.714285714285715
1031,2018-08-07,47.42857142857143
1032,2018-08-08,46.14285714285714
1033,2018-08-09,44.857142857142854
1034,2018-08-10,43.57142857142857
1035,2018-08-11,42.285714285714285
1036,2018-08-12,41.0
1037,2018-08-13,41.42857142857143
1038,2018-08-14,41.857142857142854
1039,2018-08-15,42.285714285714285
1040,2018-08-16,42.714285714285715
1041,2018-08-17,43.142857142857146
1042,2018-08-18,43.57142857142857
1043,2018-08-19,44.0
1044,2018-08-20,45.57142857142857
1045,2018-08-21,47.142857142857146
1046,2018-08-22,48.714285714285715
1047,2018-08-23,50.285714285714285
1048,2018-08-24,51.857142857142854
1049,2018-08-25,53.42857142857143
1050,2018-08-26,55.0
1051,2018-08-27,55.42857142857143
1052,2018-08-28,55.857142857142854
1053,2018-08-29,56.285714285714285
1054,2018-08-30,56.714285714285715
1055,2018-08-31,57.142857142857146
1056,2018-09-01,57.57142857142857
1057,2018-09-02,58.0
1058,2018-09-03,56.714285714285715
1059,2018-09-04,55.42857142857143
1060,2018-09-05,54.14285714285714
1061,2018-09-06,52.857142857142854
1062,2018-09-07,51.57142857142857
1063,2018-09-08,50.285714285714285
1064,2018-09-09,49.0
1065,2018-09-10,47.714285714285715
1066,2018-09-11,46.42857142857143
1067,2018-09-12,45.14285714285714
1068,2018-09-13,43.857142857142854
1069,2018-09-14,42.57142857142857
1070,2018-09-15,41.285714285714285
1071,2018-09-16,40.0
1072,2018-09-17,44.142857142857146
1073,2018-09-18,48.285714285714285
1074,2018-09-19,52.42857142857143
1075,2018-09-20,56.57142857142857
1076,2018-09-21,60.714285714285715
1077,2018-09-22,64.85714285714286
1078,2018-09-23,69.0
1079,2018-09-24,65.42857142857143
1080,2018-09-25,61.857142857142854
1081,2018-09-26,58.285714285714285
1082,2018-09-27,54.714285714285715
1083,2018-09-28,51.14285714285714
1084,2018-09-29,47.57142857142857
1085,2018-09-30,44.0
1086,2018-10-01,46.142857142857146
1087,2018-10-02,48.285714285714285
1088,2018-10-03,50.42857142857143
1089,2018-10-04,52.57142857142857
1090,2018-10-05,54.714285714285715
1091,2018-10-06,56.85714285714286
1092,2018-10-07,59.0
1093,2018-10-08,59.857142857142854
1094,2018-10-09,60.714285714285715
1095,2018-10-10,61.57142857142857
1096,2018-10-11,62.42857142857143
1097,2018-10-12,63.285714285714285
1098,2018-10-13,64.14285714285714
1099,2018-10-14,65.0
1100,2018-10-15,61.42857142857143
1101,2018-10-16,57.857142857142854
1102,2018-10-17,54.285714285714285
1103,2018-10-18,50.714285714285715
1104,2018-10-19,47.14285714285714
1105,2018-10-20,43.57142857142857
1106,2018-10-21,40.0
1107,2018-10-22,41.57142857142857
1108,2018-10-23,43.142857142857146
1109,2018-10-24,44.714285714285715
1110,2018-10-25,46.285714285714285
1111,2018-10-26,47.857142857142854
1112,2018-10-27,49.42857142857143
1113,2018-10-28,51.0
1114,2018-10-29,51.42857142857143
1115,2018-10-30,51.857142857142854
1116,2018-10-31,52.285714285714285
1117,2018-11-01,52.714285714285715
1118,2018-11-02,53.142857142857146
1119,2018-11-03,53.57142857142857
1120,2018-11-04,54.0
1121,2018-11-05,52.42857142857143
1122,2018-11-06,50.857142857142854
1123,2018-11-07,49.285714285714285
1124,2018-11-08,47.714285714285715
1125,2018-11-09,46.142857142857146
1126,2018-11-10,44.57142857142857
1127,2018-11-11,43.0
1128,2018-11-12,45.57142857142857
1129,2018-11-13,48.142857142857146
1130,2018-11-14,50.714285714285715
1131,2018-11-15,53.285714285714285
1132,2018-11-16,55.85714285714286
1133,2018-11-17,58.42857142857143
1134,2018-11-18,61.0
1135,2018-11-19,59.0
1136,2018-11-20,57.0
1137,2018-11-21,55.0
1138,2018-11-22,53.0
1139,2018-11-23,51.0
1140,2018-11-24,49.0
1141,2018-11-25,47.0
1142,2018-11-26,49.0
1143,2018-11-27,51.0
1144,2018-11-28,53.0
1145,2018-11-29,55.0
1146,2018-11-30,57.0
1147,2018-12-01,59.0
1148,2018-12-02,61.0
1149,2018-12-03,60.714285714285715
1150,2018-12-04,60.42857142857143
1151,2018-12-05,60.142857142857146
1152,2018-12-06,59.857142857142854
1153,2018-12-07,59.57142857142857
1154,2018-12-08,59.285714285714285
1155,2018-12-09,59.0
1156,2018-12-10,59.42857142857143
1157,2018-12-11,59.857142857142854
1158,2018-12-12,60.285714285714285
1159,2018-12-13,60.714285714285715
1160,2018-12-14,61.142857142857146
1161,2018-12-15,61.57142857142857
1162,2018-12-16,62.0
1163,2018-12-17,63.857142857142854
1164,2018-12-18,65.71428571428571
1165,2018-12-19,67.57142857142857
1166,2018-12-20,69.42857142857143
1167,2018-12-21,71.28571428571429
1168,2018-12-22,73.14285714285714
1169,2018-12-23,75.0
1170,2018-12-24,71.85714285714286
1171,2018-12-25,68.71428571428571
1172,2018-12-26,65.57142857142857
1173,2018-12-27,62.42857142857143
1174,2018-12-28,59.285714285714285
1175,2018-12-29,56.14285714285714
1176,2018-12-30,53.0
1177,2018-12-31,53.714285714285715
1178,2019-01-01,54.42857142857143
1179,2019-01-02,55.142857142857146
1180,2019-01-03,55.857142857142854
1181,2019-01-04,56.57142857142857
1182,2019-01-05,57.285714285714285
1183,2019-01-06,58.0
1184,2019-01-07,57.285714285714285
1185,2019-01-08,56.57142857142857
1186,2019-01-09,55.857142857142854
1187,2019-01-10,55.142857142857146
1188,2019-01-11,54.42857142857143
1189,2019-01-12,53.714285714285715
1190,2019-01-13,53.0
1191,2019-01-14,53.0
1192,2019-01-15,53.0
1193,2019-01-16,53.0
1194,2019-01-17,53.0
1195,2019-01-18,53.0
1196,2019-01-19,53.0
1197,2019-01-20,53.0
1198,2019-01-21,53.857142857142854
1199,2019-01-22,54.714285714285715
1200,2019-01-23,55.57142857142857
1201,2019-01-24,56.42857142857143
1202,2019-01-25,57.285714285714285
1203,2019-01-26,58.14285714285714
1204,2019-01-27,59.0
1205,2019-01-28,61.857142857142854
1206,2019-01-29,64.71428571428571
1207,2019-01-30,67.57142857142857
1208,2019-01-31,70.42857142857143
1209,2019-02-01,73.28571428571429
1210,2019-02-02,76.14285714285714
1211,2019-02-03,79.0
1212,2019-02-04,75.71428571428571
1213,2019-02-05,72.42857142857143
1214,2019-02-06,69.14285714285714
1215,2019-02-07,65.85714285714286
1216,2019-02-08,62.57142857142857
1217,2019-02-09,59.285714285714285
1218,2019-02-10,56.0
1219,2019-02-11,56.285714285714285
1220,2019-02-12,56.57142857142857
1221,2019-02-13,56.857142857142854
1222,2019-02-14,57.142857142857146
1223,2019-02-15,57.42857142857143
1224,2019-02-16,57.714285714285715
1225,2019-02-17,58.0
1226,2019-02-18,59.142857142857146
1227,2019-02-19,60.285714285714285
1228,2019-02-20,61.42857142857143
1229,2019-02-21,62.57142857142857
1230,2019-02-22,63.714285714285715
1231,2019-02-23,64.85714285714286
1232,2019-02-24,66.0
1233,2019-02-25,66.0
1234,2019-02-26,66.0
1235,2019-02-27,66.0
1236,2019-02-28,66.0
1237,2019-03-01,66.0
1238,2019-03-02,66.0
1239,2019-03-03,66.0
1240,2019-03-04,65.42857142857143
1241,2019-03-05,64.85714285714286
1242,2019-03-06,64.28571428571429
1243,2019-03-07,63.714285714285715
1244,2019-03-08,63.142857142857146
1245,2019-03-09,62.57142857142857
1246,2019-03-10,62.0
1247,2019-03-11,60.42857142857143
1248,2019-03-12,58.857142857142854
1249,2019-03-13,57.285714285714285
1250,2019-03-14,55.714285714285715
1251,2019-03-15,54.142857142857146
1252,2019-03-16,52.57142857142857
1253,2019-03-17,51.0
1254,2019-03-18,50.42857142857143
1255,2019-03-19,49.857142857142854
1256,2019-03-20,49.285714285714285
1257,2019-03-21,48.714285714285715
1258,2019-03-22,48.142857142857146
1259,2019-03-23,47.57142857142857
1260,2019-03-24,47.0
1261,2019-03-25,49.142857142857146
1262,2019-03-26,51.285714285714285
1263,2019-03-27,53.42857142857143
1264,2019-03-28,55.57142857142857
1265,2019-03-29,57.714285714285715
1266,2019-03-30,59.85714285714286
1267,2019-03-31,62.0
1268,2019-04-01,63.0
1269,2019-04-02,64.0
1270,2019-04-03,65.0
1271,2019-04-04,66.0
1272,2019-04-05,67.0
1273,2019-04-06,68.0
1274,2019-04-07,69.0
1275,2019-04-08,66.85714285714286
1276,2019-04-09,64.71428571428571
1277,2019-04-10,62.57142857142857
1278,2019-04-11,60.42857142857143
1279,2019-04-12,58.285714285714285
1280,2019-04-13,56.14285714285714
1281,2019-04-14,54.0
1282,2019-04-15,56.0
1283,2019-04-16,58.0
1284,2019-04-17,60.0
1285,2019-04-18,62.0
1286,2019-04-19,64.0
1287,2019-04-20,66.0
1288,2019-04-21,68.0
1289,2019-04-22,71.14285714285714
1290,2019-04-23,74.28571428571429
1291,2019-04-24,77.42857142857143
1292,2019-04-25,80.57142857142857
1293,2019-04-26,83.71428571428571
1294,2019-04-27,86.85714285714286
1295,2019-04-28,90.0
1296,2019-04-29,87.0
1297,2019-04-30,84.0
1298,2019-05-01,81.0
1299,2019-05-02,78.0
1300,2019-05-03,75.0
1301,2019-05-04,72.0
1302,2019-05-05,69.0
1303,2019-05-06,68.14285714285714
1304,2019-05-07,67.28571428571429
1305,2019-05-08,66.42857142857143
1306,2019-05-09,65.57142857142857
1307,2019-05-10,64.71428571428571
1308,2019-05-11,63.85714285714286
1309,2019-05-12,63.0
1310,2019-05-13,66.57142857142857
1311,2019-05-14,70.14285714285714
1312,2019-05-15,73.71428571428572
1313,2019-05-16,77.28571428571429
1314,2019-05-17,80.85714285714286
1315,2019-05-18,84.42857142857143
1316,2019-05-19,88.0
1317,2019-05-20,85.14285714285714
1318,2019-05-21,82.28571428571429
1319,2019-05-22,79.42857142857143
1320,2019-05-23,76.57142857142857
1321,2019-05-24,73.71428571428571
1322,2019-05-25,70.85714285714286
1323,2019-05-26,68.0
1324,2019-05-27,68.57142857142857
1325,2019-05-28,69.14285714285714
1326,2019-05-29,69.71428571428571
1327,2019-05-30,70.28571428571429
1328,2019-05-31,70.85714285714286
1329,2019-06-01,71.42857142857143
1330,2019-06-02,72.0
1331,2019-06-03,71.0
1332,2019-06-04,70.0
1333,2019-06-05,69.0
1334,2019-06-06,68.0
1335,2019-06-07,67.0
1336,2019-06-08,66.0
1337,2019-06-09,65.0
1338,2019-06-10,64.71428571428571
1339,2019-06-11,64.42857142857143
1340,2019-06-12,64.14285714285714
1341,2019-06-13,63.857142857142854
1342,2019-06-14,63.57142857142857
1343,2019-06-15,63.285714285714285
1344,2019-06-16,63.0
1345,2019-06-17,64.42857142857143
1346,2019-06-18,65.85714285714286
1347,2019-06-19,67.28571428571429
1348,2019-06-20,68.71428571428571
1349,2019-06-21,70.14285714285714
1350,2019-06-22,71.57142857142857
1351,2019-06-23,73.0
1352,2019-06-24,70.57142857142857
1353,2019-06-25,68.14285714285714
1354,2019-06-26,65.71428571428572
1355,2019-06-27,63.285714285714285
1356,2019-06-28,60.85714285714286
1357,2019-06-29,58.42857142857143
1358,2019-06-30,56.0
1359,2019-07-01,58.285714285714285
1360,2019-07-02,60.57142857142857
1361,2019-07-03,62.857142857142854
1362,2019-07-04,65.14285714285714
1363,2019-07-05,67.42857142857143
1364,2019-07-06,69.71428571428571
1365,2019-07-07,72.0
1366,2019-07-08,73.42857142857143
1367,2019-07-09,74.85714285714286
1368,2019-07-10,76.28571428571429
1369,2019-07-11,77.71428571428571
1370,2019-07-12,79.14285714285714
1371,2019-07-13,80.57142857142857
1372,2019-07-14,82.0
1373,2019-07-15,82.71428571428571
1374,2019-07-16,83.42857142857143
1375,2019-07-17,84.14285714285714
1376,2019-07-18,84.85714285714286
1377,2019-07-19,85.57142857142857
1378,2019-07-20,86.28571428571429
1379,2019-07-21,87.0
1380,2019-07-22,87.0
1381,2019-07-23,87.0
1382,2019-07-24,87.0
1383,2019-07-25,87.0
1384,2019-07-26,87.0
1385,2019-07-27,87.0
1386,2019-07-28,87.0
1387,2019-07-29,84.0
1388,2019-07-30,81.0
1389,2019-07-31,78.0
1390,2019-08-01,75.0
1391,2019-08-02,72.0
1392,2019-08-03,69.0
1393,2019-08-04,66.0
1394,2019-08-05,70.85714285714286
1395,2019-08-06,75.71428571428571
1396,2019-08-07,80.57142857142857
1397,2019-08-08,85.42857142857143
1398,2019-08-09,90.28571428571428
1399,2019-08-10,95.14285714285714
1400,2019-08-11,100.0
1401,2019-08-12,92.42857142857143
1402,2019-08-13,84.85714285714286
1403,2019-08-14,77.28571428571428
1404,2019-08-15,69.71428571428572
1405,2019-08-16,62.142857142857146
1406,2019-08-17,54.57142857142857
1407,2019-08-18,47.0
1408,2019-08-19,51.42857142857143
1409,2019-08-20,55.85714285714286
1410,2019-08-21,60.285714285714285
1411,2019-08-22,64.71428571428572
1412,2019-08-23,69.14285714285714
1413,2019-08-24,73.57142857142857
1414,2019-08-25,78.0
1415,2019-08-26,74.85714285714286
1416,2019-08-27,71.71428571428571
1417,2019-08-28,68.57142857142857
1418,2019-08-29,65.42857142857143
1419,2019-08-30,62.285714285714285
1420,2019-08-31,59.14285714285714
1421,2019-09-01,56.0
1422,2019-09-02,56.857142857142854
1423,2019-09-03,57.714285714285715
1424,2019-09-04,58.57142857142857
1425,2019-09-05,59.42857142857143
1426,2019-09-06,60.285714285714285
1427,2019-09-07,61.14285714285714
1428,2019-09-08,62.0
1429,2019-09-09,61.285714285714285
1430,2019-09-10,60.57142857142857
1431,2019-09-11,59.857142857142854
1432,2019-09-12,59.142857142857146
1433,2019-09-13,58.42857142857143
1434,2019-09-14,57.714285714285715
1435,2019-09-15,57.0
1436,2019-09-16,57.57142857142857
1437,2019-09-17,58.142857142857146
1438,2019-09-18,58.714285714285715
1439,2019-09-19,59.285714285714285
1440,2019-09-20,59.857142857142854
1441,2019-09-21,60.42857142857143
1442,2019-09-22,61.0
1443,2019-09-23,64.71428571428571
1444,2019-09-24,68.42857142857143
1445,2019-09-25,72.14285714285714
1446,2019-09-26,75.85714285714286
1447,2019-09-27,79.57142857142857
1448,2019-09-28,83.28571428571428
1449,2019-09-29,87.0
1450,2019-09-30,82.71428571428571
1451,2019-10-01,78.42857142857143
1452,2019-10-02,74.14285714285714
1453,2019-10-03,69.85714285714286
1454,2019-10-04,65.57142857142857
1455,2019-10-05,61.285714285714285
1456,2019-10-06,57.0
1457,2019-10-07,58.142857142857146
1458,2019-10-08,59.285714285714285
1459,2019-10-09,60.42857142857143
1460,2019-10-10,61.57142857142857
1461,2019-10-11,62.714285714285715
1462,2019-10-12,63.857142857142854
1463,2019-10-13,65.0
1464,2019-10-14,67.42857142857143
1465,2019-10-15,69.85714285714286
1466,2019-10-16,72.28571428571428
1467,2019-10-17,74.71428571428571
1468,2019-10-18,77.14285714285714
1469,2019-10-19,79.57142857142857
1470,2019-10-20,82.0
1471,2019-10-21,82.14285714285714
1472,2019-10-22,82.28571428571429
1473,2019-10-23,82.42857142857143
1474,2019-10-24,82.57142857142857
1475,2019-10-25,82.71428571428571
1476,2019-10-26,82.85714285714286
1477,2019-10-27,83.0
1478,2019-10-28,80.85714285714286
1479,2019-10-29,78.71428571428571
1480,2019-10-30,76.57142857142857
1481,2019-10-31,74.42857142857143
1482,2019-11-01,72.28571428571429
1483,2019-11-02,70.14285714285714
1484,2019-11-03,68.0
1485,2019-11-04,70.57142857142857
1486,2019-11-05,73.14285714285714
1487,2019-11-06,75.71428571428572
1488,2019-11-07,78.28571428571429
1489,2019-11-08,80.85714285714286
1490,2019-11-09,83.42857142857143
1491,2019-11-10,86.0
1492,2019-11-11,84.14285714285714
1493,2019-11-12,82.28571428571429
1494,2019-11-13,80.42857142857143
1495,2019-11-14,78.57142857142857
1496,2019-11-15,76.71428571428571
1497,2019-11-16,74.85714285714286
1498,2019-11-17,73.0
1499,2019-11-18,74.71428571428571
1500,2019-11-19,76.42857142857143
1501,2019-11-20,78.14285714285714
1502,2019-11-21,79.85714285714286
1503,2019-11-22,81.57142857142857
1504,2019-11-23,83.28571428571428
1505,2019-11-24,85.0
1506,2019-11-25,82.71428571428571
1507,2019-11-26,80.42857142857143
1508,2019-11-27,78.14285714285714
1509,2019-11-28,75.85714285714286
1510,2019-11-29,73.57142857142857
1511,2019-11-30,71.28571428571429
1512,2019-12-01,69.0
1513,2019-12-02,69.42857142857143
1514,2019-12-03,69.85714285714286
1515,2019-12-04,70.28571428571429
1516,2019-12-05,70.71428571428571
1517,2019-12-06,71.14285714285714
1518,2019-12-07,71.57142857142857
1519,2019-12-08,72.0
1520,2019-12-09,73.0
1521,2019-12-10,74.0
1522,2019-12-11,75.0
1523,2019-12-12,76.0
1524,2019-12-13,77.0
1525,2019-12-14,78.0
1526,2019-12-15,79.0
1527,2019-12-16,79.42857142857143
1528,2019-12-17,79.85714285714286
1529,2019-12-18,80.28571428571429
1530,2019-12-19,80.71428571428571
1531,2019-12-20,81.14285714285714
1532,2019-12-21,81.57142857142857
1533,2019-12-22,82.0
1534,2019-12-23,81.85714285714286
1535,2019-12-24,81.71428571428571
1536,2019-12-25,81.57142857142857
1537,2019-12-26,81.42857142857143
1538,2019-12-27,81.28571428571429
1539,2019-12-28,81.14285714285714
1540,2019-12-29,81.0
1541,2019-12-30,77.85714285714286
1542,2019-12-31,74.71428571428571
1543,2020-01-01,71.57142857142857
1544,2020-01-02,68.42857142857143
1545,2020-01-03,65.28571428571429
1546,2020-01-04,62.14285714285714
1547,2020-01-05,59.0
1548,2020-01-06,58.57142857142857
1549,2020-01-07,58.142857142857146
1550,2020-01-08,57.714285714285715
1551,2020-01-09,57.285714285714285
1552,2020-01-10,56.857142857142854
1553,2020-01-11,56.42857142857143
1554,2020-01-12,56.0
1555,2020-01-13,57.857142857142854
1556,2020-01-14,59.714285714285715
1557,2020-01-15,61.57142857142857
1558,2020-01-16,63.42857142857143
1559,2020-01-17,65.28571428571429
1560,2020-01-18,67.14285714285714
1561,2020-01-19,69.0
1562,2020-01-20,71.57142857142857
1563,2020-01-21,74.14285714285714
1564,2020-01-22,76.71428571428572
1565,2020-01-23,79.28571428571429
1566,2020-01-24,81.85714285714286
1567,2020-01-25,84.42857142857143
1568,2020-01-26,87.0
1569,2020-01-27,86.71428571428571
1570,2020-01-28,86.42857142857143
1571,2020-01-29,86.14285714285714
1572,2020-01-30,85.85714285714286
1573,2020-01-31,85.57142857142857
1574,2020-02-01,85.28571428571429
1575,2020-02-02,85.0
1576,2020-02-03,85.85714285714286
1577,2020-02-04,86.71428571428571
1578,2020-02-05,87.57142857142857
1579,2020-02-06,88.42857142857143
1580,2020-02-07,89.28571428571429
1581,2020-02-08,90.14285714285714
1582,2020-02-09,91.0
1583,2020-02-10,88.28571428571429
1584,2020-02-11,85.57142857142857
1585,2020-02-12,82.85714285714286
1586,2020-02-13,80.14285714285714
1587,2020-02-14,77.42857142857143
1588,2020-02-15,74.71428571428572
1589,2020-02-16,72.0
1590,2020-02-17,73.0
1591,2020-02-18,74.0
1592,2020-02-19,75.0
1593,2020-02-20,76.0
1594,2020-02-21,77.0
1595,2020-02-22,78.0
1596,2020-02-23,79.0
1597,2020-02-24,77.57142857142857
1598,2020-02-25,76.14285714285714
1599,2020-02-26,74.71428571428571
1600,2020-02-27,73.28571428571429
1601,2020-02-28,71.85714285714286
1602,2020-02-29,70.42857142857143
1603,2020-03-01,69.0
1604,2020-03-02,69.85714285714286
1605,2020-03-03,70.71428571428571
1606,2020-03-04,71.57142857142857
1607,2020-03-05,72.42857142857143
1608,2020-03-06,73.28571428571429
1609,2020-03-07,74.14285714285714
1610,2020-03-08,75.0
1611,2020-03-09,73.0
1612,2020-03-10,71.0
1613,2020-03-11,69.0
1614,2020-03-12,67.0
1615,2020-03-13,65.0
1616,2020-03-14,63.0
1617,2020-03-15,61.0
1618,2020-03-16,60.57142857142857
1619,2020-03-17,60.142857142857146
1620,2020-03-18,59.714285714285715
1621,2020-03-19,59.285714285714285
1622,2020-03-20,58.857142857142854
1623,2020-03-21,58.42857142857143
1624,2020-03-22,58.0
1625,2020-03-23,60.857142857142854
1626,2020-03-24,63.714285714285715
1627,2020-03-25,66.57142857142857
1628,2020-03-26,69.42857142857143
1629,2020-03-27,72.28571428571429
1630,2020-03-28,75.14285714285714
1631,2020-03-29,78.0
1632,2020-03-30,77.28571428571429
1633,2020-03-31,76.57142857142857
1634,2020-04-01,75.85714285714286
1635,2020-04-02,75.14285714285714
1636,2020-04-03,74.42857142857143
1637,2020-04-04,73.71428571428571
1638,2020-04-05,73.0
1639,2020-04-06,72.57142857142857
1640,2020-04-07,72.14285714285714
1641,2020-04-08,71.71428571428571
1642,2020-04-09,71.28571428571429
1643,2020-04-10,70.85714285714286
1644,2020-04-11,70.42857142857143
1645,2020-04-12,70.0
1646,2020-04-13,69.28571428571429
1647,2020-04-14,68.57142857142857
1648,2020-04-15,67.85714285714286
1649,2020-04-16,67.14285714285714
1650,2020-04-17,66.42857142857143
1651,2020-04-18,65.71428571428571
1652,2020-04-19,65.0
1653,2020-04-20,66.28571428571429
1654,2020-04-21,67.57142857142857
1655,2020-04-22,68.85714285714286
1656,2020-04-23,70.14285714285714
1657,2020-04-24,71.42857142857143
1658,2020-04-25,72.71428571428572
1659,2020-04-26,74.0
1660,2020-04-27,72.28571428571429
1661,2020-04-28,70.57142857142857
1662,2020-04-29,68.85714285714286
1663,2020-04-30,67.14285714285714
1664,2020-05-01,65.42857142857143
1665,2020-05-02,63.714285714285715
1666,2020-05-03,62.0
1667,2020-05-04,59.57142857142857
1668,2020-05-05,57.142857142857146
1669,2020-05-06,54.714285714285715
1670,2020-05-07,52.285714285714285
1671,2020-05-08,49.85714285714286
1672,2020-05-09,47.42857142857143
1673,2020-05-10,45.0
1674,2020-05-11,49.57142857142857
1675,2020-05-12,54.14285714285714
1676,2020-05-13,58.714285714285715
1677,2020-05-14,63.285714285714285
1678,2020-05-15,67.85714285714286
1679,2020-05-16,72.42857142857143
1680,2020-05-17,77.0
1681,2020-05-18,76.14285714285714
1682,2020-05-19,75.28571428571429
1683,2020-05-20,74.42857142857143
1684,2020-05-21,73.57142857142857
1685,2020-05-22,72.71428571428571
1686,2020-05-23,71.85714285714286
1687,2020-05-24,71.0
1688,2020-05-25,69.14285714285714
1689,2020-05-26,67.28571428571429
1690,2020-05-27,65.42857142857143
1691,2020-05-28,63.57142857142857
1692,2020-05-29,61.714285714285715
1693,2020-05-30,59.85714285714286
1694,2020-05-31,58.0
1695,2020-06-01,57.57142857142857
1696,2020-06-02,57.142857142857146
1697,2020-06-03,56.714285714285715
1698,2020-06-04,56.285714285714285
1699,2020-06-05,55.857142857142854
1700,2020-06-06,55.42857142857143
1701,2020-06-07,55.0
1702,2020-06-08,56.57142857142857
1703,2020-06-09,58.142857142857146
1704,2020-06-10,59.714285714285715
1705,2020-06-11,61.285714285714285
1706,2020-06-12,62.857142857142854
1707,2020-06-13,64.42857142857143
1708,2020-06-14,66.0
1709,2020-06-15,67.57142857142857
1710,2020-06-16,69.14285714285714
1711,2020-06-17,70.71428571428571
1712,2020-06-18,72.28571428571429
1713,2020-06-19,73.85714285714286
1714,2020-06-20,75.42857142857143
1715,2020-06-21,77.0
1716,2020-06-22,75.85714285714286
1717,2020-06-23,74.71428571428571
1718,2020-06-24,73.57142857142857
1719,2020-06-25,72.42857142857143
1720,2020-06-26,71.28571428571429
1721,2020-06-27,70.14285714285714
1722,2020-06-28,69.0
1723,2020-06-29,66.0
1724,2020-06-30,63.0
1725,2020-07-01,60.0
1726,2020-07-02,57.0
1727,2020-07-03,54.0
1728,2020-07-04,51.0
1729,2020-07-05,48.0
1730,2020-07-06,50.142857142857146
1731,2020-07-07,52.285714285714285
1732,2020-07-08,54.42857142857143
1733,2020-07-09,56.57142857142857
1734,2020-07-10,58.714285714285715
1735,2020-07-11,60.85714285714286
1736,2020-07-12,63.0
1737,2020-07-13,63.42857142857143
1738,2020-07-14,63.857142857142854
1739,2020-07-15,64.28571428571429
1740,2020-07-16,64.71428571428571
1741,2020-07-17,65.14285714285714
1742,2020-07-18,65.57142857142857
1743,2020-07-19,66.0
1744,2020-07-20,68.71428571428571
1745,2020-07-21,71.42857142857143
1746,2020-07-22,74.14285714285714
1747,2020-07-23,76.85714285714286
1748,2020-07-24,79.57142857142857
1749,2020-07-25,82.28571428571428
1750,2020-07-26,85.0
1751,2020-07-27,81.85714285714286
1752,2020-07-28,78.71428571428571
1753,2020-07-29,75.57142857142857
1754,2020-07-30,72.42857142857143
1755,2020-07-31,69.28571428571429
1756,2020-08-01,66.14285714285714
1757,2020-08-02,63.0
1758,2020-08-03,65.14285714285714
1759,2020-08-04,67.28571428571429
1760,2020-08-05,69.42857142857143
1761,2020-08-06,71.57142857142857
1762,2020-08-07,73.71428571428571
1763,2020-08-08,75.85714285714286
1764,2020-08-09,78.0
1765,2020-08-10,78.85714285714286
1766,2020-08-11,79.71428571428571
1767,2020-08-12,80.57142857142857
1768,2020-08-13,81.42857142857143
1769,2020-08-14,82.28571428571429
1770,2020-08-15,83.14285714285714
1771,2020-08-16,84.0
1772,2020-08-17,81.85714285714286
1773,2020-08-18,79.71428571428571
1774,2020-08-19,77.57142857142857
1775,2020-08-20,75.42857142857143
1776,2020-08-21,73.28571428571429
1777,2020-08-22,71.14285714285714
1778,2020-08-23,69.0
1779,2020-08-24,68.14285714285714
1780,2020-08-25,67.28571428571429
1781,2020-08-26,66.42857142857143
1782,2020-08-27,65.57142857142857
1783,2020-08-28,64.71428571428571
1784,2020-08-29,63.85714285714286
1785,2020-08-30,63.0
1786,2020-08-31,63.42857142857143
1787,2020-09-01,63.857142857142854
1788,2020-09-02,64.28571428571429
1789,2020-09-03,64.71428571428571
1790,2020-09-04,65.14285714285714
1791,2020-09-05,65.57142857142857
1792,2020-09-06,66.0
1793,2020-09-07,66.57142857142857
1794,2020-09-08,67.14285714285714
1795,2020-09-09,67.71428571428571
1796,2020-09-10,68.28571428571429
1797,2020-09-11,68.85714285714286
1798,2020-09-12,69.42857142857143
1799,2020-09-13,70.0
1800,2020-09-14,67.14285714285714
1801,2020-09-15,64.28571428571429
1802,2020-09-16,61.42857142857143
1803,2020-09-17,58.57142857142857
1804,2020-09-18,55.714285714285715
1805,2020-09-19,52.85714285714286
1806,2020-09-20,50.0
1807,2020-09-21,55.714285714285715
1808,2020-09-22,61.42857142857143
1809,2020-09-23,67.14285714285714
1810,2020-09-24,72.85714285714286
1811,2020-09-25,78.57142857142857
1812,2020-09-26,84.28571428571428
1813,2020-09-27,90.0
1814,2020-09-28,85.42857142857143
1815,2020-09-29,80.85714285714286
1816,2020-09-30,76.28571428571429
1817,2020-10-01,71.71428571428572
1818,2020-10-02,67.14285714285714
1819,2020-10-03,62.57142857142857
