날짜,구글 검색량
2015-10-11,29
2015-10-18,36
2015-10-25,27
2015-11-01,26
2015-11-08,26
2015-11-15,36
2015-11-22,30
2015-11-29,49
2015-12-06,24
2015-12-13,41
2015-12-20,33
2015-12-27,46
2016-01-03,24
2016-01-10,31
2016-01-17,26
2016-01-24,28
2016-01-31,36
2016-02-07,41
2016-02-14,46
2016-02-21,31
2016-02-28,41
2016-03-06,31
2016-03-13,25
2016-03-20,27
2016-03-27,27
2016-04-03,25
2016-04-10,18
2016-04-17,53
2016-04-24,37
2016-05-01,34
2016-05-08,28
2016-05-15,31
2016-05-22,28
2016-05-29,30
2016-06-05,45
2016-06-12,29
2016-06-19,30
2016-06-26,47
2016-07-03,29
2016-07-10,40
2016-07-17,29
2016-07-24,34
2016-07-31,36
2016-08-07,47
2016-08-14,53
2016-08-21,32
2016-08-28,27
2016-09-04,34
2016-09-11,53
2016-09-18,26
2016-09-25,40
2016-10-02,29
2016-10-09,40
2016-10-16,28
2016-10-23,23
2016-10-30,34
2016-11-06,20
2016-11-13,36
2016-11-20,33
2016-11-27,43
2016-12-04,38
2016-12-11,43
2016-12-18,43
2016-12-25,52
2017-01-01,48
2017-01-08,32
2017-01-15,35
2017-01-22,36
2017-01-29,28
2017-02-05,46
2017-02-12,55
2017-02-19,48
2017-02-26,48
2017-03-05,34
2017-03-12,48
2017-03-19,26
2017-03-26,33
2017-04-02,40
2017-04-09,36
2017-04-16,54
2017-04-23,39
2017-04-30,52
2017-05-07,53
2017-05-14,46
2017-05-21,42
2017-05-28,40
2017-06-04,36
2017-06-11,42
2017-06-18,54
2017-06-25,45
2017-07-02,44
2017-07-09,69
2017-07-16,39
2017-07-23,54
2017-07-30,53
2017-08-06,52
2017-08-13,50
2017-08-20,43
2017-08-27,36
2017-09-03,34
2017-09-10,46
2017-09-17,43
2017-09-24,53
2017-10-01,52
2017-10-08,41
2017-10-15,38
2017-10-22,51
2017-10-29,27
2017-11-05,42
2017-11-12,67
2017-11-19,51
2017-11-26,76
2017-12-03,53
2017-12-10,57
2017-12-17,59
2017-12-24,49
2017-12-31,64
2018-01-07,36
2018-01-14,43
2018-01-21,40
2018-01-28,44
2018-02-04,45
2018-02-11,57
2018-02-18,40
2018-02-25,52
2018-03-04,51
2018-03-11,45
2018-03-18,55
2018-03-25,32
2018-04-01,38
2018-04-08,34
2018-04-15,36
2018-04-22,51
2018-04-29,49
2018-05-06,41
2018-05-13,49
2018-05-20,39
2018-05-27,41
2018-06-03,52
2018-06-10,55
2018-06-17,50
2018-06-24,41
2018-07-01,44
2018-07-08,51
2018-07-15,45
2018-07-22,35
2018-07-29,43
2018-08-05,50
2018-08-12,41
2018-08-19,44
2018-08-26,55
2018-09-02,58
2018-09-09,49
2018-09-16,40
2018-09-23,69
2018-09-30,44
2018-10-07,59
2018-10-14,65
2018-10-21,40
2018-10-28,51
2018-11-04,54
2018-11-11,43
2018-11-18,61
2018-11-25,47
2018-12-02,61
2018-12-09,59
2018-12-16,62
2018-12-23,75
2018-12-30,53
2019-01-06,58
2019-01-13,53
2019-01-20,53
2019-01-27,59
2019-02-03,79
2019-02-10,56
2019-02-17,58
2019-02-24,66
2019-03-03,66
2019-03-10,62
2019-03-17,51
2019-03-24,47
2019-03-31,62
2019-04-07,69
2019-04-14,54
2019-04-21,68
2019-04-28,90
2019-05-05,69
2019-05-12,63
2019-05-19,88
2019-05-26,68
2019-06-02,72
2019-06-09,65
2019-06-16,63
2019-06-23,73
2019-06-30,56
2019-07-07,72
2019-07-14,82
2019-07-21,87
2019-07-28,87
2019-08-04,66
2019-08-11,100
2019-08-18,47
2019-08-25,78
2019-09-01,56
2019-09-08,62
2019-09-15,57
2019-09-22,61
2019-09-29,87
2019-10-06,57
2019-10-13,65
2019-10-20,82
2019-10-27,83
2019-11-03,68
2019-11-10,86
2019-11-17,73
2019-11-24,85
2019-12-01,69
2019-12-08,72
2019-12-15,79
2019-12-22,82
2019-12-29,81
2020-01-05,59
2020-01-12,56
2020-01-19,69
2020-01-26,87
2020-02-02,85
2020-02-09,91
2020-02-16,72
2020-02-23,79
2020-03-01,69
2020-03-08,75
2020-03-15,61
2020-03-22,58
2020-03-29,78
2020-04-05,73
2020-04-12,70
2020-04-19,65
2020-04-26,74
2020-05-03,62
2020-05-10,45
2020-05-17,77
2020-05-24,71
2020-05-31,58
2020-06-07,55
2020-06-14,66
2020-06-21,77
2020-06-28,69
2020-07-05,48
2020-07-12,63
2020-07-19,66
2020-07-26,85
2020-08-02,63
2020-08-09,78
2020-08-16,84
2020-08-23,69
2020-08-30,63
2020-09-06,66
2020-09-13,70
2020-09-20,50
2020-09-27,90
2020-10-04,58
