,인허가일자,영업상태명,폐업일자,소재지전체주소,시설총규모,장사일
0,20170321,영업/정상,,대전광역시 서구 변동 21-27번지 1층 일부호,38.3,20200926
1,20170323,영업/정상,,대전광역시 서구 도마동 122-1번지,39.47,20200926
2,20080403,영업/정상,,대전광역시 서구 도마동 107-27번지 1층,22.17,20200926
3,20080407,영업/정상,,대전광역시 서구 도마동 15-2번지,70.56,20200926
4,20080829,영업/정상,,대전광역시 서구 도마동 69-6번지 2층,78.8,20200926
5,20091009,영업/정상,,대전광역시 서구 도마동 26-8번지 지하1층,101.98,20200926
6,20091001,영업/정상,,대전광역시 서구 변동 12-42번지 (1층),23.66,20200926
7,20091013,영업/정상,,대전광역시 서구 도마동 172-11번지 (1층),37.02,20200926
8,20100319,영업/정상,,대전광역시 서구 도마동 106-14번지 1층,175.79,20200926
9,20100322,영업/정상,,대전광역시 서구 도마동 25-7번지 2층,153.39,20200926
10,20071207,영업/정상,,대전광역시 서구 도마동 103-4번지 (1층),73.26,20200926
11,20090702,영업/정상,,대전광역시 서구 도마동 74-11번지 1층,63.75,20200926
12,20090703,영업/정상,,대전광역시 서구 도마동 23-2번지 1층,25.92,20200926
13,20090708,영업/정상,,대전광역시 서구 변동 49-13번지 (1층),156.27,20200926
14,20091016,영업/정상,,대전광역시 서구 도마동 25-10번지 (1층),68.85,20200926
15,20090710,영업/정상,,대전광역시 서구 도마동 64-24번지 1층,112.2,20200926
16,20141222,영업/정상,,대전광역시 서구 변동 21-14번지 1층,19.4,20200926
17,20131030,영업/정상,,대전광역시 서구 변동 31-44번지 1층,59.4,20200926
18,20170323,영업/정상,,대전광역시 서구 변동 42-1번지,62.97,20200926
19,20000921,영업/정상,,대전광역시 서구 변동 46-8번지 1층,114.36,20200926
20,20170614,영업/정상,,대전광역시 서구 도마동 188-6번지,138.42,20200926
21,20001129,영업/정상,,대전광역시 서구 변동 30-18번지,48.45,20200926
22,20080808,영업/정상,,대전광역시 서구 도마동 15-2번지 (126호),70.56,20200926
23,19961119,영업/정상,,대전광역시 서구 변동 24-66번지,72.63,20200926
24,20000906,영업/정상,,대전광역시 서구 도마동 330-24번지,29.42,20200926
25,20001010,영업/정상,,대전광역시 서구 변동 33-13번지 (지상1층),31.96,20200926
26,20080715,영업/정상,,대전광역시 서구 도마동 335-35번지 102호,359.32,20200926
27,20080718,영업/정상,,대전광역시 서구 도마동 114-10번지 (1층),37.44,20200926
28,20080724,영업/정상,,대전광역시 서구 도마동 328-21번지 (1층),28.38,20200926
29,20140418,영업/정상,,대전광역시 서구 도마동 25-7번지 지하1층,201.98,20200926
30,20140418,영업/정상,,대전광역시 서구 도마동 88-44번지,70.01,20200926
31,20170324,영업/정상,,대전광역시 서구 변동 47-22번지,49.04,20200926
32,20001212,영업/정상,,대전광역시 서구 도마동 100-19번지,31.86,20200926
33,20100427,영업/정상,,대전광역시 서구 변동 73-8번지 (1층),28.35,20200926
34,20100429,영업/정상,,대전광역시 서구 도마동 127-16번지 (1층),15.7,20200926
35,20000908,영업/정상,,대전광역시 서구 도마동 330-22번지 1층,42.59,20200926
36,20100503,영업/정상,,대전광역시 서구 도마동 23-33번지 1층,117.82,20200926
37,20001027,영업/정상,,대전광역시 서구 도마동 61-23번지,92.63,20200926
38,20100204,영업/정상,,대전광역시 서구 도마동 180-15번지 1층,13.07,20200926
39,20001109,영업/정상,,대전광역시 서구 변동 62-1번지,55.44,20200926
40,20170329,영업/정상,,대전광역시 서구 도마동 109-13번지,33.98,20200926
41,20090107,영업/정상,,대전광역시 서구 도마동 69-4번지 삼정하이츠상가동 1층 2호,22.35,20200926
42,20071221,영업/정상,,대전광역시 서구 변동 56-13번지 1층,33.18,20200926
43,20170405,영업/정상,,대전광역시 서구 변동 7-18번지,45.05,20200926
44,20001226,영업/정상,,대전광역시 서구 도마동 178-77번지,82.16,20200926
45,20010115,영업/정상,,대전광역시 서구 도마동 565-63번지,64.67,20200926
46,20100610,영업/정상,,대전광역시 서구 변동 42-7번지 (1층),29.75,20200926
47,20100224,영업/정상,,대전광역시 서구 도마동 61-15번지 1층,54.06,20200926
48,20100226,영업/정상,,대전광역시 서구 도마동 120-21번지 1층 1동 1호,46.81,20200926
49,20010220,영업/정상,,대전광역시 서구 도마동 50-8번지 1층,37.19,20200926
50,20001117,영업/정상,,대전광역시 서구 도마동 50-31번지 1층,33.6,20200926
51,20090417,영업/정상,,대전광역시 서구 도마동 171-1번지 (1층),26.79,20200926
52,20081210,영업/정상,,대전광역시 서구 도마동 97-10번지,38.84,20200926
53,20170406,영업/정상,,대전광역시 서구 도마동 142-21번지,30.64,20200926
54,20080110,영업/정상,,대전광역시 서구 도마동 143-14번지,44.04,20200926
55,20100709,영업/정상,,대전광역시 서구 도마동 69-4번지,77.49,20200926
56,20170223,영업/정상,,대전광역시 서구 도마동 25-8번지,80.65,20200926
57,20090410,영업/정상,,대전광역시 서구 도마동 34-5 (1층),31.82,20200926
58,20090521,영업/정상,,대전광역시 서구 변동 71-6번지 외3필지 (1층),585.68,20200926
59,20080429,영업/정상,,대전광역시 서구 도마동 40-21번지 1층,25.51,20200926
60,20170414,영업/정상,,대전광역시 서구 도마동 134-83번지,90.4,20200926
61,20170512,영업/정상,,대전광역시 서구 도마동 69-6번지,23.11,20200926
62,20090728,영업/정상,,대전광역시 서구 도마동 15-2번지 (도마스토아 103호),15.17,20200926
63,20080310,영업/정상,,대전광역시 서구 변동 6-1 1층,52.57,20200926
64,20170315,영업/정상,,대전광역시 서구 도마동 112-13번지,59.33,20200926
65,20090723,영업/정상,,대전광역시 서구 도마동 39-4번지 1층,32.0,20200926
66,20090724,영업/정상,,대전광역시 서구 변동 21-27번지,53.87,20200926
67,20090804,영업/정상,,대전광역시 서구 변동 33-28번지 (1층),13.96,20200926
68,20090904,영업/정상,,대전광역시 서구 변동 24-24번지,91.35,20200926
69,20090908,영업/정상,,대전광역시 서구 도마동 89-26번지 1층,14.75,20200926
70,20080924,영업/정상,,대전광역시 서구 도마동 330-20번지 (1층),39.39,20200926
71,20080530,영업/정상,,대전광역시 서구 도마동 128-93번지 1층,65.52,20200926
72,20071204,영업/정상,,대전광역시 서구 도마동 25번지 (1층),42.0,20200926
73,20091030,영업/정상,,대전광역시 서구 변동 33-31번지 (1층),44.85,20200926
74,20091215,영업/정상,,대전광역시 서구 도마동 89-22번지 1층,105.92,20200926
75,20090909,영업/정상,,대전광역시 서구 도마동 49-6번지 (1층),27.68,20200926
76,20090218,영업/정상,,대전광역시 서구 도마동 123-10번지 1층,69.42,20200926
77,20081001,영업/정상,,대전광역시 서구 도마동 565-60번지 (1층),151.75,20200926
78,20150326,영업/정상,,대전광역시 서구 도마동 148-20번지 1층일부,35.89,20200926
79,20091224,영업/정상,,대전광역시 서구 변동 79-23번지 (1층),52.48,20200926
80,20150331,영업/정상,,대전광역시 서구 도마동 15-2번지 120호,35.28,20200926
81,20100106,영업/정상,,대전광역시 서구 도마동 49-7번지,101.28,20200926
82,20090929,영업/정상,,대전광역시 서구 도마동 142-5번지,130.79,20200926
83,20090226,영업/정상,,대전광역시 서구 도마동 49-12번지 지하1층,104.56,20200926
84,20090227,영업/정상,,대전광역시 서구 도마동 49-20번지,72.57,20200926
85,20091016,영업/정상,,대전광역시 서구 변동 252-1번지 (1층),23.94,20200926
86,20130411,영업/정상,,대전광역시 서구 도마동 97-3번지 1층,53.64,20200926
87,20020507,영업/정상,,대전광역시 서구 도마동 90-33번지,75.49,20200926
88,20130515,영업/정상,,대전광역시 서구 변동 56-8번지 1층,45.03,20200926
89,20130627,영업/정상,,대전광역시 서구 도마동 122-18번지 1층,49.4,20200926
90,20130701,영업/정상,,대전광역시 서구 도마동 89-15번지 1층,28.07,20200926
91,20130604,영업/정상,,대전광역시 서구 도마동 24-7번지 1층,44.64,20200926
92,20131108,영업/정상,,대전광역시 서구 변동 49-10번지 1층,43.64,20200926
93,20131113,영업/정상,,대전광역시 서구 변동 73-61번지 1층,22.03,20200926
94,20130524,영업/정상,,대전광역시 서구 도마동 85-5번지 1층,40.38,20200926
95,20130614,영업/정상,,대전광역시 서구 도마동 90-36번지 1층,84.73,20200926
96,20130704,영업/정상,,대전광역시 서구 도마동 81-25번지 1층,100.7,20200926
97,20130805,영업/정상,,대전광역시 서구 변동 33-26번지 1층,48.41,20200926
98,20130808,영업/정상,,대전광역시 서구 도마동 334-14 1층,44.35,20200926
99,20130604,영업/정상,,대전광역시 서구 변동 73-13번지 지하1층,109.51,20200926
100,20130617,영업/정상,,대전광역시 서구 변동 38-6번지 1층,60.68,20200926
101,20141031,영업/정상,,대전광역시 서구 도마동 90-1번지 1층,25.4,20200926
102,20141110,영업/정상,,대전광역시 서구 변동 62-46번지 지하1층,138.96,20200926
103,20140207,영업/정상,,대전광역시 서구 도마동 110-20번지,27.36,20200926
104,20130906,영업/정상,,대전광역시 서구 도마동 86-56번지 1층,44.06,20200926
105,20140701,영업/정상,,대전광역시 서구 도마동 14-4 1층,165.12,20200926
106,20130821,영업/정상,,대전광역시 서구 도마동 50-31번지 1층,38.51,20200926
107,20130927,영업/정상,,대전광역시 서구 도마동 133-16번지,26.0,20200926
108,20141112,영업/정상,,대전광역시 서구 도마동 123-1번지 1층,16.83,20200926
109,20141117,영업/정상,,대전광역시 서구 도마동 174-7번지,0.0,20200926
110,20140731,영업/정상,,대전광역시 서구 도마동 47-26번지 1층,18.01,20200926
111,20131011,영업/정상,,대전광역시 서구 변동 44-39,114.99,20200926
112,20131011,영업/정상,,대전광역시 서구 도마동 89-25번지 1층,55.01,20200926
113,20141128,영업/정상,,대전광역시 서구 도마동 181-9번지 1층,113.3,20200926
114,20140811,영업/정상,,대전광역시 서구 도마동 26-9번지 1층,41.04,20200926
115,20140402,영업/정상,,대전광역시 서구 변동 72-1번지 지하1층,181.02,20200926
116,20150312,영업/정상,,대전광역시 서구 변동 73-61번지,38.31,20200926
117,20150313,영업/정상,,대전광역시 서구 도마동 40-7번지 1층일부,14.0,20200926
118,20150313,영업/정상,,대전광역시 서구 변동 65-29번지 1층일부,20.98,20200926
119,20150317,영업/정상,,대전광역시 서구 도마동 188-10번지 1층,37.62,20200926
120,20141209,영업/정상,,대전광역시 서구 변동 49-39번지 1층사동,57.3,20200926
121,20140715,영업/정상,,대전광역시 서구 변동 73-34번지 1층,468.12,20200926
122,20140715,영업/정상,,대전광역시 서구 변동 61-7번지 1층,38.4,20200926
123,20140820,영업/정상,,대전광역시 서구 도마동 109-5번지 1층,17.8,20200926
124,20140324,영업/정상,,대전광역시 서구 도마동 174-3 1층,32.0,20200926
125,20140829,영업/정상,,대전광역시 서구 도마동 100-19번지 1층,23.6,20200926
126,20140919,영업/정상,,대전광역시 서구 변동 47-9번지 1층일부,38.6,20200926
127,20140924,영업/정상,,대전광역시 서구 도마동 15-1번지 105호106호,35.28,20200926
128,20141013,영업/정상,,대전광역시 서구 도마동 25-4번지 지하1층,50.28,20200926
129,20140930,영업/정상,,대전광역시 서구 도마동 114-19번지 1층,31.4,20200926
130,20141001,영업/정상,,대전광역시 서구 도마동 144-37번지 1층,54.9,20200926
131,20130327,영업/정상,,대전광역시 서구 변동 47-1번지 1층,40.04,20200926
132,20050127,영업/정상,,대전광역시 서구 변동 42-40번지 1층,36.96,20200926
133,20051121,영업/정상,,대전광역시 서구 도마동 17-41번지,43.6,20200926
134,20050120,영업/정상,,"대전광역시 서구 변동 70-9번지 1,3,4,5,6,7층",2893.06,20200926
135,20040426,영업/정상,,대전광역시 서구 도마동 143-12번지 1층,78.14,20200926
136,19990201,영업/정상,,대전광역시 서구 변동 34-8번지,84.48,20200926
137,20051129,영업/정상,,대전광역시 서구 변동 7-17번지 2층,42.63,20200926
138,19990201,영업/정상,,대전광역시 서구 도마동 133-20번지,15.04,20200926
139,20040430,영업/정상,,대전광역시 서구 도마동 49-22번지 1층,72.92,20200926
140,20040730,영업/정상,,대전광역시 서구 도마동 211번지 경남@ 상가1층3호,31.8,20200926
141,20050510,영업/정상,,대전광역시 서구 변동 33-31번지,43.02,20200926
142,20050104,영업/정상,,대전광역시 서구 도마동 15-2번지 127호,63.19,20200926
143,20040914,영업/정상,,대전광역시 서구 도마동 114-18번지 1층,59.5,20200926
144,20050503,영업/정상,,대전광역시 서구 도마동 40-12번지 1층,47.18,20200926
145,20051221,영업/정상,,대전광역시 서구 변동 1-22번지 3호 1층,50.92,20200926
146,20050106,영업/정상,,대전광역시 서구 도마동 25-3번지 1층,39.65,20200926
147,20050603,영업/정상,,대전광역시 서구 도마동 89-8번지 1층,94.3,20200926
148,20050610,영업/정상,,대전광역시 서구 도마동 40-5번지 1층,51.07,20200926
149,20111014,영업/정상,,대전광역시 서구 도마동 35-27번지 (1층),28.14,20200926
150,20050622,영업/정상,,대전광역시 서구 도마동 155-2번지 1층,25.15,20200926
151,20060522,영업/정상,,대전광역시 서구 도마동 49-11번지,35.32,20200926
152,20111031,영업/정상,,대전광역시 서구 도마동 25-3번지 1층,36.1,20200926
153,20141013,영업/정상,,대전광역시 서구 도마동 97-6번지 지하1층,143.04,20200926
154,19981210,영업/정상,,대전광역시 서구 도마동 88-17번지,30.24,20200926
155,20120511,영업/정상,,대전광역시 서구 도마동 146-29번지 1층,83.19,20200926
156,19981224,영업/정상,,대전광역시 서구 도마동 34-5번지,25.2,20200926
157,20120607,영업/정상,,대전광역시 서구 도마동 24-6번지 2층,109.52,20200926
158,20040513,영업/정상,,대전광역시 서구 변동 34-28번지 1층,65.49,20200926
159,20040515,영업/정상,,대전광역시 서구 도마동 128-5번지 1층,37.71,20200926
160,19981217,영업/정상,,대전광역시 서구 도마동 180-12번지,74.19,20200926
161,20111209,영업/정상,,대전광역시 서구 도마동 127-14번지,62.5,20200926
162,20060118,영업/정상,,대전광역시 서구 변동 43-9번지 1층,312.93,20200926
163,20040531,영업/정상,,대전광역시 서구 도마동 70-33번지 1층,80.79,20200926
164,20040531,영업/정상,,대전광역시 서구 변동 13-2번지,90.12,20200926
165,20120116,영업/정상,,대전광역시 서구 변동 43-9번지 1층,222.73,20200926
166,20070327,영업/정상,,대전광역시 서구 도마동 107-9번지 1층,39.6,20200926
167,20040604,영업/정상,,대전광역시 서구 변동 72-4번지 1층,75.56,20200926
168,20040625,영업/정상,,대전광역시 서구 도마동 565-50번지 1층,45.91,20200926
169,20040407,영업/정상,,대전광역시 서구 도마동 124-26번지,31.58,20200926
170,20040410,영업/정상,,대전광역시 서구 도마동 34-29번지 1층,41.97,20200926
171,20120718,영업/정상,,대전광역시 서구 변동 70-9번지 1층,447.0,20200926
172,20120201,영업/정상,,대전광역시 서구 도마동 49-7번지 2층,54.79,20200926
173,20120206,영업/정상,,대전광역시 서구 도마동 40-19번지 지하1층,60.22,20200926
174,20170914,영업/정상,,대전광역시 서구 도마동 70-34,69.03,20200926
175,20060914,영업/정상,,대전광역시 서구 도마동 176-24번지 1층,89.25,20200926
176,20060918,영업/정상,,대전광역시 서구 도마동 176-18번지 1층,43.88,20200926
177,20040309,영업/정상,,대전광역시 서구 도마동 190-13번지 1층,152.68,20200926
178,20040816,영업/정상,,대전광역시 서구 변동 3-6번지 1층,20.63,20200926
179,19990102,영업/정상,,대전광역시 서구 도마동 97-3번지,43.79,20200926
180,20040624,영업/정상,,대전광역시 서구 도마동 125-21번지 1층,52.62,20200926
181,20040311,영업/정상,,대전광역시 서구 도마동 164-1번지 1층,62.27,20200926
182,19990113,영업/정상,,대전광역시 서구 도마동 172-8번지,40.12,20200926
183,20040820,영업/정상,,대전광역시 서구 도마동 121-13번지,45.39,20200926
184,19990119,영업/정상,,대전광역시 서구 도마동 80-6번지,99.37,20200926
185,20030528,영업/정상,,대전광역시 서구 도마동 142-26번지,20.35,20200926
186,20190123,영업/정상,,대전광역시 서구 변동 24-65,28.04,20200926
187,20170104,영업/정상,,대전광역시 서구 도마동 175-14 크로바메디컬,96.96,20200926
188,20190111,영업/정상,,대전광역시 서구 도마동 15-1번지 도마스토아,49.4,20200926
189,20190308,영업/정상,,대전광역시 서구 도마동 101-29번지,22.18,20200926
190,20190225,영업/정상,,대전광역시 서구 도마동 184-15번지,80.43,20200926
191,20190225,영업/정상,,대전광역시 서구 도마동 124-7번지,83.72,20200926
192,20190201,영업/정상,,대전광역시 서구 도마동 29-32번지,221.76,20200926
193,20190327,영업/정상,,대전광역시 서구 도마동 50-29번지,30.29,20200926
194,20190327,영업/정상,,대전광역시 서구 도마동 188-1번지,73.0,20200926
195,20190306,영업/정상,,대전광역시 서구 도마동 191-7번지,379.93,20200926
196,19960309,영업/정상,,대전광역시 서구 도마동 25-1번지,38.56,20200926
197,20100825,영업/정상,,대전광역시 서구 변동 21-4번지 2층,9.26,20200926
198,20050909,영업/정상,,대전광역시 서구 도마동 153-14 1층,50.4,20200926
199,19950929,영업/정상,,대전광역시 서구 변동 7-8번지,63.45,20200926
200,19950929,영업/정상,,대전광역시 서구 도마동 25-1번지,26.86,20200926
201,20100903,영업/정상,,대전광역시 서구 도마동 30-50번지 (1층),66.21,20200926
202,20010928,영업/정상,,대전광역시 서구 변동 27-7번지,31.52,20200926
203,19960518,영업/정상,,대전광역시 서구 변동 12-42번지,47.36,20200926
204,19951010,영업/정상,,대전광역시 서구 도마동 86-101번지,26.01,20200926
205,20100914,영업/정상,,대전광역시 서구 도마동 40-11 (1층),41.95,20200926
206,19960903,영업/정상,,대전광역시 서구 변동 41-6번지,27.97,20200926
207,19960910,영업/정상,,대전광역시 서구 도마동 50-12번지 2층,96.2,20200926
208,20100930,영업/정상,,대전광역시 서구 도마동 109-13번지 (1층),30.99,20200926
209,20011017,영업/정상,,대전광역시 서구 도마동 125-25번지 1층,32.12,20200926
210,20010817,영업/정상,,대전광역시 서구 도마동 330-20번지,27.96,20200926
211,19960129,영업/정상,,대전광역시 서구 도마동 25-8번지,19.27,20200926
212,20051010,영업/정상,,대전광역시 서구 변동 30-14번지,100.76,20200926
213,19910912,영업/정상,,대전광역시 서구 도마동 106-26번지,63.14,20200926
214,20011116,영업/정상,,대전광역시 서구 도마동 120-12번지,62.12,20200926
215,19960201,영업/정상,,대전광역시 서구 변동 42-1번지,85.25,20200926
216,20051014,영업/정상,,대전광역시 서구 도마동 109-26번지 1층,49.5,20200926
217,19910914,영업/정상,,대전광역시 서구 변동 34-38번지 1층,39.58,20200926
218,20011121,영업/정상,,대전광역시 서구 도마동 129-32번지 1층,31.12,20200926
219,20030304,영업/정상,,대전광역시 서구 도마동 35-8번지,26.69,20200926
220,19941129,영업/정상,,대전광역시 서구 도마동 99-27번지,13.97,20200926
221,19941117,영업/정상,,대전광역시 서구 변동 41-22번지,16.92,20200926
222,19950817,영업/정상,,대전광역시 서구 도마동 358-5번지,69.35,20200926
223,19951123,영업/정상,,대전광역시 서구 변동 71-54번지,26.61,20200926
224,19950830,영업/정상,,대전광역시 서구 변동 71-52번지,17.09,20200926
225,19950905,영업/정상,,대전광역시 서구 도마동 178-77번지 1층,80.58,20200926
226,20050808,영업/정상,,대전광역시 서구 변동 31-36번지 1층,35.43,20200926
227,20010705,영업/정상,,대전광역시 서구 변동 7-15번지,52.14,20200926
228,19951129,영업/정상,,대전광역시 서구 도마동 87-8번지,22.51,20200926
229,20010707,영업/정상,,대전광역시 서구 도마동 23-2번지,94.88,20200926
230,20010627,영업/정상,,대전광역시 서구 변동 11-8번지,123.16,20200926
231,20000711,영업/정상,,대전광역시 서구 변동 7-40번지,23.98,20200926
232,20010724,영업/정상,,대전광역시 서구 변동 31-13번지,93.97,20200926
233,20010711,영업/정상,,대전광역시 서구 도마동 209-2번지,101.64,20200926
234,20050908,영업/정상,,대전광역시 서구 도마동 90-35번지 2층,48.0,20200926
235,19811030,영업/정상,,대전광역시 서구 도마동 174-3번지,92.45,20200926
236,19850626,영업/정상,,대전광역시 서구 도마동 129-36번지,16.44,20200926
237,19850710,영업/정상,,대전광역시 서구 도마동 61-5번지,58.4,20200926
238,19930621,영업/정상,,대전광역시 서구 도마동 16-49번지 1층,70.42,20200926
239,19840607,영업/정상,,대전광역시 서구 도마동 101-3번지,32.35,20200926
240,19860810,영업/정상,,대전광역시 서구 도마동 101-6번지,247.8,20200926
241,19911125,영업/정상,,대전광역시 서구 도마동 127-36번지,46.0,20200926
242,19850207,영업/정상,,대전광역시 서구 도마동 67-36번지,270.12,20200926
243,19911207,영업/정상,,대전광역시 서구 도마동 155-2번지,21.99,20200926
244,19851104,영업/정상,,대전광역시 서구 도마동 174-1번지,21.46,20200926
245,19851115,영업/정상,,대전광역시 서구 도마동 100-15번지,94.86,20200926
246,19860307,영업/정상,,대전광역시 서구 도마동 91-6번지,17.41,20200926
247,19940127,영업/정상,,대전광역시 서구 도마동 46-14번지,56.09,20200926
248,19950222,영업/정상,,대전광역시 서구 변동 252-42번지,86.81,20200926
249,19940309,영업/정상,,대전광역시 서구 변동 21-4번지,28.93,20200926
250,19930618,영업/정상,,대전광역시 서구 도마동 89-13번지 1층,26.4,20200926
251,20031219,영업/정상,,대전광역시 서구 도마동 40-17번지 1층,27.82,20200926
252,19940322,영업/정상,,대전광역시 서구 도마동 26-8번지,107.52,20200926
253,19940325,영업/정상,,대전광역시 서구 변동 49-1번지,42.95,20200926
254,19940607,영업/정상,,대전광역시 서구 도마동 109-26번지,18.62,20200926
255,20000609,영업/정상,,대전광역시 서구 도마동 172-34번지,117.03,20200926
256,20000609,영업/정상,,대전광역시 서구 도마동 89-21번지,19.33,20200926
257,20000422,영업/정상,,대전광역시 서구 도마동 171-58번지,68.15,20200926
258,19870609,영업/정상,,대전광역시 서구 도마동 67-1번지,36.61,20200926
259,19880422,영업/정상,,대전광역시 서구 도마동 143-7번지,30.24,20200926
260,19891120,영업/정상,,대전광역시 서구 도마동 163-4번지,22.04,20200926
261,19891130,영업/정상,,대전광역시 서구 변동 13-1번지,43.23,20200926
262,19880921,영업/정상,,대전광역시 서구 도마동 193번지 경남상가 2층 211호,46.2,20200926
263,19890322,영업/정상,,대전광역시 서구 도마동 26-8번지,91.12,20200926
264,19890418,영업/정상,,대전광역시 서구 도마동 34-44번지,49.46,20200926
265,19900226,영업/정상,,대전광역시 서구 도마동 128-49번지,78.37,20200926
266,19890519,영업/정상,,대전광역시 서구 변동 49-14번지,33.57,20200926
267,19950604,영업/정상,,대전광역시 서구 도마동 47-11번지 1층,53.2,20200926
268,19950613,영업/정상,,대전광역시 서구 도마동 129-1,29.45,20200926
269,19940721,영업/정상,,대전광역시 서구 도마동 157-1번지,36.97,20200926
270,19890714,영업/정상,,대전광역시 서구 도마동 50-8번지,20.25,20200926
271,19900725,영업/정상,,대전광역시 서구 도마동 39-15번지,21.0,20200926
272,19901221,영업/정상,,대전광역시 서구 도마동 119-2번지,76.11,20200926
273,19901016,영업/정상,,대전광역시 서구 도마동 181-23번지,68.73,20200926
274,19940916,영업/정상,,대전광역시 서구 도마동 24-6번지,69.84,20200926
275,19920127,영업/정상,,대전광역시 서구 변동 41-21번지 1층,34.12,20200926
276,19920310,영업/정상,,대전광역시 서구 변동 41-4번지,93.01,20200926
277,19900926,영업/정상,,대전광역시 서구 도마동 143-13번지,15.89,20200926
278,19901113,영업/정상,,대전광역시 서구 변동 49-1번지,19.74,20200926
279,20010509,영업/정상,,대전광역시 서구 변동 47-22번지,37.19,20200926
280,19930903,영업/정상,,대전광역시 서구 도마동 328-19번지,72.33,20200926
281,19920622,영업/정상,,대전광역시 서구 도마동 87-40번지,183.05,20200926
282,19921210,영업/정상,,대전광역시 서구 도마동 35-12번지 36,44.52,20200926
283,19910121,영업/정상,,대전광역시 서구 도마동 119-2번지,24.88,20200926
284,19910211,영업/정상,,대전광역시 서구 변동 50-12번지,30.4,20200926
285,19910212,영업/정상,,대전광역시 서구 도마동 122-7번지 1층,23.8,20200926
286,19910314,영업/정상,,대전광역시 서구 도마동 126-4번지,60.27,20200926
287,20010512,영업/정상,,대전광역시 서구 변동 62-48번지,51.64,20200926
288,19920722,영업/정상,,대전광역시 서구 도마동 66-27번지,28.01,20200926
289,19910510,영업/정상,,대전광역시 서구 도마동 328-20번지,93.93,20200926
290,19910525,영업/정상,,대전광역시 서구 도마동 121-16번지,64.72,20200926
291,19910607,영업/정상,,대전광역시 서구 도마동 146-12번지 1층,19.24,20200926
292,19921013,영업/정상,,대전광역시 서구 도마동 90-37번지,30.6,20200926
293,19930109,영업/정상,,대전광역시 서구 도마동 24-7번지,96.36,20200926
294,20020813,영업/정상,,대전광역시 서구 도마동 47-26번지,34.4,20200926
295,19961212,영업/정상,,대전광역시 서구 도마동 175-21번지 (2층),65.53,20200926
296,20000407,영업/정상,,대전광역시 서구 도마동 172-14번지,35.31,20200926
297,20000407,영업/정상,,대전광역시 서구 변동 62-2번지 1층,167.4,20200926
298,19970404,영업/정상,,대전광역시 서구 도마동 24-7번지 1층,44.88,20200926
299,19991119,영업/정상,,대전광역시 서구 도마동 312-198,284.68,20200926
300,20000414,영업/정상,,대전광역시 서구 도마동 16-49번지,40.6,20200926
301,19970305,영업/정상,,대전광역시 서구 도마동 129-17번지,30.52,20200926
302,20000329,영업/정상,,대전광역시 서구 변동 21-14번지 (1층),67.81,20200926
303,19870109,영업/정상,,대전광역시 서구 변동 8-21번지 1층,29.2,20200926
304,19870113,영업/정상,,대전광역시 서구 변동 12-3번지 1층,71.82,20200926
305,19970205,영업/정상,,대전광역시 서구 변동 22-4번지 1층,40.05,20200926
306,20010413,영업/정상,,대전광역시 서구 도마동 333-31번지,54.46,20200926
307,19970211,영업/정상,,대전광역시 서구 도마동 122-13번지,44.55,20200926
308,19991230,영업/정상,,대전광역시 서구 도마동 14-3번지 1층,92.12,20200926
309,19911221,영업/정상,,대전광역시 서구 변동 47-4번지 1층,26.5,20200926
310,19911221,영업/정상,,대전광역시 서구 변동 47-4번지 1층,27.65,20200926
311,20020628,영업/정상,,대전광역시 서구 변동 63-6번지,52.35,20200926
312,20130212,영업/정상,,대전광역시 서구 변동 79-6번지,8.1,20200926
313,20020608,영업/정상,,대전광역시 서구 도마동 128-36번지,19.77,20200926
314,20130117,영업/정상,,대전광역시 서구 도마동 333-2번지,105.12,20200926
315,20040117,영업/정상,,대전광역시 서구 도마동 66-12번지,38.69,20200926
316,20000304,영업/정상,,대전광역시 서구 변동 7-8번지 1층,23.16,20200926
317,20040126,영업/정상,,대전광역시 서구 도마동 135-5번지,57.03,20200926
318,20031128,영업/정상,,대전광역시 서구 도마동 74-10번지 1층,79.49,20200926
319,20000208,영업/정상,,대전광역시 서구 도마동 180-34번지 1층,17.9,20200926
320,20130110,영업/정상,,대전광역시 서구 도마동 64-28번지,30.79,20200926
321,20010517,영업/정상,,대전광역시 서구 도마동 172-13번지 1층,30.11,20200926
322,20010517,영업/정상,,대전광역시 서구 도마동 146-22번지 (1층),90.52,20200926
323,20010316,영업/정상,,대전광역시 서구 도마동 123-9번지 1층,23.16,20200926
324,19991208,영업/정상,,대전광역시 서구 도마동 119-2번지 1층,37.4,20200926
325,20000224,영업/정상,,대전광역시 서구 도마동 122-9번지 1층,77.46,20200926
326,19991204,영업/정상,,대전광역시 서구 도마동 49-16번지 1층,39.67,20200926
327,19970519,영업/정상,,대전광역시 서구 변동 41-25번지 1층,65.84,20200926
328,20011205,영업/정상,,대전광역시 서구 변동 50-12번지,31.6,20200926
329,20011212,영업/정상,,대전광역시 서구 도마동 101-27번지,20.35,20200926
330,20121025,영업/정상,,대전광역시 서구 도마동 89-25번지,25.32,20200926
331,20130213,영업/정상,,대전광역시 서구 도마동 121-20번지 1층,26.88,20200926
332,20130214,영업/정상,,대전광역시 서구 도마동 133-3번지,29.7,20200926
333,20000714,영업/정상,,대전광역시 서구 도마동 334-15번지 지하1층,27.28,20200926
334,20020419,영업/정상,,대전광역시 서구 도마동 565-43번지 1층,64.42,20200926
335,20020417,영업/정상,,대전광역시 서구 도마동 40-19번지 1층,95.69,20200926
336,20020103,영업/정상,,대전광역시 서구 도마동 26-9번지 1층,44.83,20200926
337,20071116,영업/정상,,대전광역시 서구 변동 31-13번지 지하1층,188.04,20200926
338,20020424,영업/정상,,대전광역시 서구 변동 34-19번지,42.35,20200926
339,20020129,영업/정상,,대전광역시 서구 도마동 15-1번지,80.54,20200926
340,20020309,영업/정상,,대전광역시 서구 도마동 120-20번지 신일주택,11.49,20200926
341,20020309,영업/정상,,대전광역시 서구 도마동 125-21번지 1층,21.16,20200926
342,20190325,영업/정상,,대전광역시 서구 도마동 134-39번지,29.72,20200926
343,20190307,영업/정상,,대전광역시 서구 도마동 40-1번지,5.7,20200926
344,20190415,영업/정상,,대전광역시 서구 변동 62-46번지,128.7,20200926
345,20190423,영업/정상,,대전광역시 서구 도마동 18-25번지,40.4,20200926
346,20190408,영업/정상,,대전광역시 서구 도마동 174-1번지,69.07,20200926
347,20190507,영업/정상,,대전광역시 서구 도마동 156-50번지 양지아파트,44.9,20200926
348,20190412,영업/정상,,대전광역시 서구 도마동 328-25번지,71.29,20200926
349,20190411,영업/정상,,대전광역시 서구 도마동 120-1번지,26.24,20200926
350,20190508,영업/정상,,대전광역시 서구 변동 53-23번지,48.8,20200926
351,20190425,영업/정상,,대전광역시 서구 도마동 50-17번지,116.47,20200926
352,20190429,영업/정상,,대전광역시 서구 도마동 126-33번지,63.01,20200926
353,20190610,영업/정상,,대전광역시 서구 변동 79-1번지 제일빌라,33.28,20200926
354,20190514,영업/정상,,대전광역시 서구 변동 30-7번지,36.22,20200926
355,20190619,영업/정상,,대전광역시 서구 도마동 34-5번지,30.3,20200926
356,20190614,영업/정상,,대전광역시 서구 도마동 134-24번지,26.7,20200926
357,20190614,영업/정상,,대전광역시 서구 도마동 335-6번지,24.84,20200926
358,20190614,영업/정상,,대전광역시 서구 도마동 23-32번지 평강빌딩,14.28,20200926
359,20190621,영업/정상,,대전광역시 서구 도마동 174-1번지,197.28,20200926
360,19971204,영업/정상,,대전광역시 서구 도마동 180-2번지 효성@ 상가 201호,38.69,20200926
361,19980608,영업/정상,,대전광역시 서구 도마동 172-22번지,18.2,20200926
362,19981026,영업/정상,,대전광역시 서구 도마동 83-8번지,49.58,20200926
363,20020930,영업/정상,,대전광역시 서구 변동 2-2번지,77.31,20200926
364,20021010,영업/정상,,대전광역시 서구 도마동 15-2번지,16.8,20200926
365,19951101,영업/정상,,대전광역시 서구 변동 77-11번지,36.08,20200926
366,19980310,영업/정상,,대전광역시 서구 도마동 143-2번지 (1층),50.92,20200926
367,20021018,영업/정상,,대전광역시 서구 도마동 23-1번지 (1층),61.77,20200926
368,20021221,영업/정상,,대전광역시 서구 도마동 30-14번지,56.73,20200926
369,20021115,영업/정상,,대전광역시 서구 도마동 118-20번지 지하1층,25.68,20200926
370,20021211,영업/정상,,대전광역시 서구 도마동 129-17번지 1층,25.81,20200926
371,19980307,영업/정상,,대전광역시 서구 도마동 180-34번지,48.44,20200926
372,19980403,영업/정상,,대전광역시 서구 도마동 25-3번지,36.44,20200926
373,20021230,영업/정상,,대전광역시 서구 도마동 114-19번지 103호,46.76,20200926
374,19980421,영업/정상,,대전광역시 서구 도마동 179-73번지 1층,50.4,20200926
375,19980424,영업/정상,,대전광역시 서구 도마동 171-20번지 1층,67.85,20200926
376,19980514,영업/정상,,대전광역시 서구 도마동 124-14번지,34.73,20200926
377,20030109,영업/정상,,대전광역시 서구 변동 79-22번지,87.76,20200926
378,19990514,영업/정상,,대전광역시 서구 변동 57-4번지,32.86,20200926
379,20100823,영업/정상,,대전광역시 서구 도마동 30-18번지 1층,90.7,20200926
380,19990908,영업/정상,,대전광역시 서구 도마동 134-121번지,87.57,20200926
381,19970630,영업/정상,,대전광역시 서구 변동 12-8번지,78.74,20200926
382,20030128,영업/정상,,대전광역시 서구 도마동 16-8번지,84.47,20200926
383,19971013,영업/정상,,대전광역시 서구 도마동 26-28번지,51.94,20200926
384,19970616,영업/정상,,대전광역시 서구 변동 46-17번지,22.4,20200926
385,19990619,영업/정상,,대전광역시 서구 변동 79-5번지,33.6,20200926
386,19970625,영업/정상,,대전광역시 서구 변동 24-68번지,29.6,20200926
387,19990927,영업/정상,,대전광역시 서구 변동 49-14번지 1층,47.3,20200926
388,20010621,영업/정상,,대전광역시 서구 도마동 41-12번지,20.92,20200926
389,20021209,영업/정상,,대전광역시 서구 변동 252-24번지,42.72,20200926
390,20190516,영업/정상,,대전광역시 서구 변동 49-1번지 변동종합시장,21.06,20200926
391,20190822,영업/정상,,대전광역시 서구 도마동 26-29,83.51,20200926
392,20190925,영업/정상,,대전광역시 서구 도마동 129-33번지,94.22,20200926
393,20190703,영업/정상,,대전광역시 서구 도마동 110-12번지,39.37,20200926
394,20190903,영업/정상,,대전광역시 서구 도마동 127-8번지,50.72,20200926
395,20190627,영업/정상,,대전광역시 서구 도마동 170-18번지,81.17,20200926
396,20190627,영업/정상,,대전광역시 서구 변동 41-21번지,23.03,20200926
397,20191001,영업/정상,,대전광역시 서구 도마동 134-39번지,26.4,20200926
398,20191001,영업/정상,,대전광역시 서구 도마동 144-19번지 회타운,173.92,20200926
399,20190813,영업/정상,,대전광역시 서구 도마동 330-21번지,36.57,20200926
400,19980209,영업/정상,,대전광역시 서구 변동 33-26번지,32.65,20200926
401,19970911,영업/정상,,대전광역시 서구 도마동 168-15번지,26.46,20200926
402,20190823,영업/정상,,대전광역시 서구 도마동 172-14,25.19,20200926
403,20190704,영업/정상,,대전광역시 서구 도마동 34-51번지,90.9,20200926
404,20190704,영업/정상,,대전광역시 서구 도마동 40-11번지,81.08,20200926
405,20191014,영업/정상,,대전광역시 서구 변동 30-17번지,37.64,20200926
406,20191029,영업/정상,,대전광역시 서구 도마동 38번지 삼정하이츠,36.95,20200926
407,20191211,영업/정상,,대전광역시 서구 변동 71-54번지,23.8,20200926
408,20191016,영업/정상,,대전광역시 서구 도마동 175-28번지,133.51,20200926
409,20191011,영업/정상,,대전광역시 서구 도마동 175-14번지 크로바메디컬,364.67,20200926
410,20191021,영업/정상,,대전광역시 서구 도마동 90-35번지,60.23,20200926
411,20191111,영업/정상,,대전광역시 서구 도마동 49-7번지,50.66,20200926
412,20191203,영업/정상,,대전광역시 서구 도마동 47-11번지,49.43,20200926
413,20191120,영업/정상,,대전광역시 서구 변동 21-27번지,35.67,20200926
414,19960206,영업/정상,,대전광역시 서구 도마동 330-18번지,49.08,20200926
415,19920622,영업/정상,,대전광역시 서구 변동 49-14번지,33.44,20200926
416,19951208,영업/정상,,대전광역시 서구 도마동 63-26번지,89.64,20200926
417,19950802,영업/정상,,대전광역시 서구 변동 71-15번지,39.98,20200926
418,20191105,영업/정상,,대전광역시 서구 도마동 69-4번지 삼정하이츠,21.0,20200926
419,20200224,영업/정상,,대전광역시 서구 도마동 328-4번지 럭키도마아파트,89.6,20200926
420,20200316,영업/정상,,대전광역시 서구 도마동 110-12,34.86,20200926
421,20200214,영업/정상,,대전광역시 서구 변동 58-4번지 모닝빌아파트,58.14,20200926
422,20200214,영업/정상,,대전광역시 서구 도마동 39-4번지,31.08,20200926
423,20200210,영업/정상,,대전광역시 서구 도마동 131-41번지,89.73,20200926
424,20200217,영업/정상,,대전광역시 서구 도마동 110-12번지,30.03,20200926
425,20200205,영업/정상,,대전광역시 서구 도마동 335-36번지,27.66,20200926
426,20200203,영업/정상,,대전광역시 서구 변동 253-53번지,35.8,20200926
427,20200302,영업/정상,,대전광역시 서구 도마동 328-4번지 럭키도마아파트,44.8,20200926
428,20200325,영업/정상,,대전광역시 서구 도마동 47-1번지,71.83,20200926
429,20200319,영업/정상,,대전광역시 서구 도마동 88-4번지,0.0,20200926
430,20170615,영업/정상,,대전광역시 서구 도마동 94-37번지,38.1,20200926
431,19980310,영업/정상,,대전광역시 서구 도마동 16-49번지,35.55,20200926
432,20000607,영업/정상,,대전광역시 서구 변동 11-7번지,42.4,20200926
433,19991230,영업/정상,,대전광역시 서구 도마동 67-3번지 1층,77.4,20200926
434,20170914,영업/정상,,대전광역시 서구 도마동 70-34,69.03,20200926
435,20020829,영업/정상,,대전광역시 서구 도마동 87-17번지,30.31,20200926
436,20171102,영업/정상,,대전광역시 서구 변동 60-3번지,89.39,20200926
437,20200410,영업/정상,,대전광역시 서구 변동 21-27번지,36.08,20200926
438,20200408,영업/정상,,대전광역시 서구 변동 56-6번지,16.97,20200926
439,20200526,영업/정상,,대전광역시 서구 도마동 157-19번지,22.83,20200926
440,20200526,영업/정상,,대전광역시 서구 도마동 53-13번지,14.3,20200926
441,20200416,영업/정상,,대전광역시 서구 도마동 172-11번지,40.86,20200926
442,20200615,영업/정상,,대전광역시 서구 변동 70-9,118.07,20200926
443,20180604,영업/정상,,대전광역시 서구 도마동 164-28번지,50.67,20200926
444,19990108,영업/정상,,대전광역시 서구 도마동 127-4,92.66,20200926
445,20200507,영업/정상,,대전광역시 서구 도마동 133-15번지,11.25,20200926
446,20200511,영업/정상,,대전광역시 서구 도마동 114-4번지 1층,49.8,20200926
447,20200601,영업/정상,,대전광역시 서구 도마동 40-14,27.88,20200926
448,20200406,영업/정상,,대전광역시 서구 도마동 71-68번지,28.36,20200926
449,20200429,영업/정상,,대전광역시 서구 도마동 134-1번지,13.62,20200926
450,20200623,영업/정상,,대전광역시 서구 변동 31-14,87.41,20200926
451,20180810,영업/정상,,대전광역시 서구 변동 253-40번지,19.77,20200926
452,20180816,영업/정상,,대전광역시 서구 도마동 70-30번지,78.15,20200926
453,20180820,영업/정상,,대전광역시 서구 도마동 330-19번지,27.5,20200926
454,20180830,영업/정상,,대전광역시 서구 변동 53-5,97.62,20200926
455,20200720,영업/정상,,대전광역시 서구 도마동 194,67.02,20200926
456,20200714,영업/정상,,대전광역시 서구 변동 62-36,14.79,20200926
457,20200717,영업/정상,,대전광역시 서구 도마동 35-16,28.08,20200926
458,20140429,영업/정상,,대전광역시 서구 도마동 107-27,39.6,20200926
459,20200805,영업/정상,,대전광역시 서구 도마동 164-31,26.04,20200926
460,20200728,영업/정상,,대전광역시 서구 도마동 50-28,36.11,20200926
461,20200708,영업/정상,,대전광역시 서구 도마동 129-12,62.45,20200926
462,20180917,영업/정상,,대전광역시 서구 도마동 100-28번지,58.99,20200926
463,20170801,영업/정상,,대전광역시 서구 변동 58-4,65.37,20200926
464,20110620,영업/정상,,대전광역시 서구 변동 58-4번지 (107호),65.1,20200926
465,20110621,영업/정상,,대전광역시 서구 도마동 47-28번지 1층,30.1,20200926
466,20181029,영업/정상,,대전광역시 서구 도마동 185-14번지,64.2,20200926
467,20181004,영업/정상,,대전광역시 서구 변동 21-6번지,64.35,20200926
468,20181018,영업/정상,,대전광역시 서구 도마동 132-13번지,35.94,20200926
469,20110103,영업/정상,,대전광역시 서구 도마동 157-2번지 (1층),64.1,20200926
470,20110112,영업/정상,,대전광역시 서구 도마동 143-32번지 대림연립,68.0,20200926
471,20110926,영업/정상,,대전광역시 서구 도마동 15-1번지 (1층 128호),52.99,20200926
472,20110926,영업/정상,,대전광역시 서구 도마동 50-12번지 (1층),52.99,20200926
473,20070529,영업/정상,,"대전광역시 서구 도마동 50-8번지 (2,3층)",153.06,20200926
474,20171120,영업/정상,,대전광역시 서구 도마동 133-17번지 1층,30.88,20200926
475,20031009,영업/정상,,대전광역시 서구 변동 4-15번지,71.62,20200926
476,20030602,영업/정상,,대전광역시 서구 도마동 181-23번지 지하1층,91.29,20200926
477,20030604,영업/정상,,대전광역시 서구 도마동 15-1번지 도마스토아 119호,29.83,20200926
478,20030514,영업/정상,,대전광역시 서구 도마동 30-14번지,89.62,20200926
479,20160504,영업/정상,,대전광역시 서구 도마동 34-5번지,98.94,20200926
480,20171102,영업/정상,,대전광역시 서구 도마동 49-1번지,92.85,20200926
481,20031023,영업/정상,,대전광역시 서구 도마동 50-32번지,64.33,20200926
482,20071001,영업/정상,,대전광역시 서구 도마동 330-22번지 (1층),49.5,20200926
483,20071004,영업/정상,,대전광역시 서구 도마동 120-21번지 1층,48.84,20200926
484,20030625,영업/정상,,대전광역시 서구 도마동 40-14번지 1층,66.21,20200926
485,20030625,영업/정상,,대전광역시 서구 도마동 109-27번지,122.2,20200926
486,20060825,영업/정상,,대전광역시 서구 변동 6-6번지 1층,36.54,20200926
487,20030703,영업/정상,,대전광역시 서구 도마동 69-4번지 삼정하이츠상가3호,19.64,20200926
488,20071019,영업/정상,,대전광역시 서구 도마동 50-6번지 2층,72.62,20200926
489,20160512,영업/정상,,대전광역시 서구 도마동 127-1번지,27.01,20200926
490,20070313,영업/정상,,대전광역시 서구 변동 56-14번지 1층,64.58,20200926
491,20070313,영업/정상,,대전광역시 서구 도마동 153-14번지 1층,31.92,20200926
492,20070313,영업/정상,,대전광역시 서구 도마동 329-1번지 1층,117.81,20200926
493,20071016,영업/정상,,대전광역시 서구 도마동 101-22번지 (1층),50.5,20200926
494,20170104,영업/정상,,대전광역시 서구 도마동 35-28번지,22.9,20200926
495,20060605,영업/정상,,대전광역시 서구 변동 12-43번지 1층,35.49,20200926
496,20180228,영업/정상,,대전광역시 서구 도마동 30-14번지,236.05,20200926
497,20030315,영업/정상,,대전광역시 서구 도마동 143-13번지,25.08,20200926
498,20180604,영업/정상,,대전광역시 서구 도마동 130-18번지,125.13,20200926
499,20170919,영업/정상,,대전광역시 서구 도마동 26-29번지,95.33,20200926
500,20170919,영업/정상,,대전광역시 서구 도마동 30-5번지,106.91,20200926
501,20070122,영업/정상,,대전광역시 서구 도마동 107-29,90.1,20200926
502,20101119,영업/정상,,대전광역시 서구 변동 4-38번지 (1층),39.86,20200926
503,20101112,영업/정상,,"대전광역시 서구 변동 49-1번지 (가동 3,7호)",44.77,20200926
504,20060927,영업/정상,,대전광역시 서구 도마동 47-28번지 1층,37.79,20200926
505,20070711,영업/정상,,대전광역시 서구 변동 73-8번지 (1층),32.64,20200926
506,20070730,영업/정상,,대전광역시 서구 도마동 155-4번지 (1층),68.54,20200926
507,20170622,영업/정상,,대전광역시 서구 변동 31-44번지,122.32,20200926
508,20101118,영업/정상,,대전광역시 서구 변동 21-23번지 (1층),16.3,20200926
509,20101129,영업/정상,,대전광역시 서구 도마동 39-4번지 (1층),31.24,20200926
510,20061013,영업/정상,,대전광역시 서구 도마동 118-15번지 1층,78.21,20200926
511,20120903,영업/정상,,대전광역시 서구 도마동 134-115,83.3,20200926
512,20120904,영업/정상,,대전광역시 서구 도마동 106-23,71.28,20200926
513,20170706,영업/정상,,대전광역시 서구 변동 27-40번지,114.66,20200926
514,20170707,영업/정상,,대전광역시 서구 변동 50-9번지,47.6,20200926
515,20120316,영업/정상,,대전광역시 서구 변동 30-17번지 1층,42.0,20200926
516,20101203,영업/정상,,대전광역시 서구 변동 2-40번지 1층,60.32,20200926
517,20070425,영업/정상,,대전광역시 서구 도마동 121-20번지 1층,30.72,20200926
518,20070427,영업/정상,,대전광역시 서구 도마동 25-25번지 1층,35.02,20200926
519,20060315,영업/정상,,대전광역시 서구 도마동 25-26번지 1층,52.12,20200926
520,20060405,영업/정상,,대전광역시 서구 변동 34-38번지 (지하1층),76.0,20200926
521,20110328,영업/정상,,대전광역시 서구 변동 33-31번지 (1층),43.82,20200926
522,20110908,영업/정상,,대전광역시 서구 도마동 34-33번지 1층,31.22,20200926
523,20061016,영업/정상,,대전광역시 서구 도마동 565-70번지,208.64,20200926
524,20070503,영업/정상,,대전광역시 서구 도마동 121-13번지 1층,53.35,20200926
525,20061025,영업/정상,,대전광역시 서구 도마동 34-42번지 1층,53.28,20200926
526,20110330,영업/정상,,대전광역시 서구 도마동 333-32번지 지하1층,129.69,20200926
527,20110526,영업/정상,,대전광역시 서구 도마동 66-11번지 (1층),27.41,20200926
528,20120322,영업/정상,,대전광역시 서구 도마동 46-27번지 1층,20.29,20200926
529,20171016,영업/정상,,대전광역시 서구 도마동 125-24번지,83.11,20200926
530,20111201,영업/정상,,대전광역시 서구 도마동 335-6번지 1층,21.39,20200926
531,20110428,영업/정상,,대전광역시 서구 도마동 41-6번지 1층,88.34,20200926
532,20120402,영업/정상,,대전광역시 서구 도마동 143-8번지 1층,50.46,20200926
533,20120413,영업/정상,,대전광역시 서구 도마동 17-4번지 1층,54.6,20200926
534,20110921,영업/정상,,대전광역시 서구 도마동 85-14번지 (1층),59.4,20200926
535,20120417,영업/정상,,대전광역시 서구 도마동 126-6번지 1층,27.88,20200926
536,20070522,영업/정상,,대전광역시 서구 도마동 101-22번지 1층,50.5,20200926
537,20060510,영업/정상,,대전광역시 서구 도마동 113-8번지,67.35,20200926
538,20061218,영업/정상,,대전광역시 서구 도마동 174-1번지,68.56,20200926
539,20070627,영업/정상,,대전광역시 서구 도마동 129-11번지 (1층),57.0,20200926
540,20171222,영업/정상,,대전광역시 서구 도마동 134-5번지,7.6,20200926
541,20171226,영업/정상,,대전광역시 서구 도마동 417-2번지,102.85,20200926
542,20180413,영업/정상,,대전광역시 서구 도마동 143-24번지,47.2,20200926
543,20180122,영업/정상,,대전광역시 서구 도마동 69-1번지,112.25,20200926
544,20070622,영업/정상,,대전광역시 서구 도마동 52-6번지 (1층),51.69,20200926
545,20070627,영업/정상,,대전광역시 서구 도마동 75-6번지 (1층),46.15,20200926
546,20171121,영업/정상,,대전광역시 서구 도마동 141-18번지,94.32,20200926
547,20171122,영업/정상,,대전광역시 서구 도마동 417-2,393.17,20200926
548,20171206,영업/정상,,대전광역시 서구 도마동 41-8번지,31.82,20200926
549,20180131,영업/정상,,대전광역시 서구 변동 13-2번지,31.6,20200926
550,20180205,영업/정상,,대전광역시 서구 변동 31-57번지,42.1,20200926
551,20180208,영업/정상,,대전광역시 서구 도마동 328-25번지,22.93,20200926
552,20171115,영업/정상,,대전광역시 서구 도마동 60-36번지 노블레스타운,28.53,20200926
553,20171115,영업/정상,,대전광역시 서구 도마동 26-29번지,95.34,20200926
554,20171115,영업/정상,,대전광역시 서구 도마동 26-29번지,95.34,20200926
555,20110207,영업/정상,,대전광역시 서구 도마동 130-10번지 (1층),65.9,20200926
556,20180502,영업/정상,,대전광역시 서구 도마동 25-24번지,65.28,20200926
557,20120503,영업/정상,,"대전광역시 서구 도마동 143-6번지 ,1층",52.15,20200926
558,20111012,영업/정상,,대전광역시 서구 도마동 110-11번지 1층,23.65,20200926
559,20111020,영업/정상,,"대전광역시 서구 변동 72-2,3번지",90.76,20200926
560,20180220,영업/정상,,대전광역시 서구 도마동 23-2번지,35.16,20200926
561,20180221,영업/정상,,대전광역시 서구 도마동 113-6번지,31.46,20200926
562,20030416,영업/정상,,대전광역시 서구 도마동 70-8번지,54.61,20200926
563,20030408,영업/정상,,대전광역시 서구 변동 31-36번지 지하1층,59.28,20200926
564,20030422,영업/정상,,대전광역시 서구 변동 46-7번지,148.05,20200926
565,20160427,영업/정상,,대전광역시 서구 도마동 174-4번지,85.28,20200926
566,20160411,영업/정상,,대전광역시 서구 도마동 106-21번지,66.16,20200926
567,20030930,영업/정상,,대전광역시 서구 도마동 47-39번지,32.12,20200926
568,20030930,영업/정상,,대전광역시 서구 도마동 90-14번지,37.06,20200926
569,20031002,영업/정상,,대전광역시 서구 도마동 87-62번지,24.17,20200926
570,20071126,영업/정상,,대전광역시 서구 변동 34-24번지 1층,24.07,20200926
571,20161102,영업/정상,,대전광역시 서구 변동 24-53번지,52.96,20200926
572,20150507,영업/정상,,대전광역시 서구 도마동 143-23번지,29.57,20200926
573,20150512,영업/정상,,대전광역시 서구 도마동 194-1번지,51.6,20200926
574,20150514,영업/정상,,대전광역시 서구 도마동 131-6번지 1층,64.1,20200926
575,20151112,영업/정상,,대전광역시 서구 변동 7-9,35.1,20200926
576,20150526,영업/정상,,대전광역시 서구 도마동 67-15번지,25.3,20200926
577,20150601,영업/정상,,대전광역시 서구 도마동 87-61번지,22.4,20200926
578,20151123,영업/정상,,대전광역시 서구 도마동 100-16번지,35.65,20200926
579,20161115,영업/정상,,대전광역시 서구 변동 34-2번지,75.06,20200926
580,20151126,영업/정상,,대전광역시 서구 도마동 120-4번지,11.58,20200926
581,20151204,영업/정상,,대전광역시 서구 도마동 84-1번지,38.9,20200926
582,20150713,영업/정상,,대전광역시 서구 도마동 128-97번지,30.0,20200926
583,20150729,영업/정상,,대전광역시 서구 도마동 546번지,39.9,20200926
584,20160204,영업/정상,,대전광역시 서구 도마동 49-11번지,77.39,20200926
585,20160204,영업/정상,,대전광역시 서구 도마동 134-1번지,11.67,20200926
586,20150623,영업/정상,,대전광역시 서구 도마동 34-26번지,34.9,20200926
587,20151228,영업/정상,,대전광역시 서구 도마동 142-6번지,49.4,20200926
588,20150817,영업/정상,,대전광역시 서구 도마동 49-7번지,62.39,20200926
589,20160120,영업/정상,,대전광역시 서구 변동 288-8번지,42.69,20200926
590,20160203,영업/정상,,대전광역시 서구 변동 22-62번지,60.79,20200926
591,20151224,영업/정상,,대전광역시 서구 변동 253-64번지,18.1,20200926
592,20151229,영업/정상,,대전광역시 서구 변동 36-43번지,14.25,20200926
593,20160104,영업/정상,,대전광역시 서구 도마동 86-101번지,23.7,20200926
594,20160107,영업/정상,,대전광역시 서구 변동 31-44번지,160.5,20200926
595,20160824,영업/정상,,대전광역시 서구 변동 41-6번지,27.84,20200926
596,20150903,영업/정상,,대전광역시 서구 도마동 49-10번지,88.4,20200926
597,20160303,영업/정상,,대전광역시 서구 도마동 142-18번지,34.4,20200926
598,20061222,영업/정상,,대전광역시 서구 도마동 146-10번지 1층,92.1,20200926
599,20170119,영업/정상,,대전광역시 서구 변동 62-24번지,60.0,20200926
600,20160729,영업/정상,,대전광역시 서구 변동 1-3번지,24.24,20200926
601,20180328,영업/정상,,대전광역시 서구 변동 47-25,44.39,20200926
602,20160913,영업/정상,,대전광역시 서구 변동 31-57번지,31.63,20200926
603,20160920,영업/정상,,대전광역시 서구 도마동 93-11번지,35.55,20200926
604,20150818,영업/정상,,대전광역시 서구 변동 30-7번지,48.5,20200926
605,20180524,영업/정상,,대전광역시 서구 도마동 15-1번지 도마스토아,61.29,20200926
606,20180524,영업/정상,,대전광역시 서구 도마동 127-16번지,20.54,20200926
607,20180329,영업/정상,,대전광역시 서구 도마동 153-11번지,97.63,20200926
608,20180330,영업/정상,,대전광역시 서구 도마동 86-52번지,159.12,20200926
609,20180403,영업/정상,,대전광역시 서구 도마동 46-5번지,32.2,20200926
610,20180620,영업/정상,,대전광역시 서구 도마동 124-20번지,34.0,20200926
611,20150917,영업/정상,,대전광역시 서구 도마동 15-1번지,213.83,20200926
612,20160414,영업/정상,,대전광역시 서구 변동 47-1번지,47.5,20200926
613,20180621,영업/정상,,대전광역시 서구 도마동 109-13번지,33.23,20200926
614,20160404,영업/정상,,대전광역시 서구 변동 71-12번지,63.04,20200926
615,20160322,영업/정상,,대전광역시 서구 도마동 19-41번지,25.84,20200926
616,20160406,영업/정상,,대전광역시 서구 도마동 37-20번지,81.88,20200926
617,20180608,영업/정상,,대전광역시 서구 도마동 108-12번지,22.08,20200926
618,20180622,영업/정상,,대전광역시 서구 도마동 134-84번지,23.32,20200926
619,20180704,영업/정상,,대전광역시 서구 도마동 69-7번지,70.68,20200926
620,20161013,영업/정상,,대전광역시 서구 도마동 191-7번지,16.74,20200926
621,20161024,영업/정상,,대전광역시 서구 변동 58-4번지,113.23,20200926
622,20180706,영업/정상,,대전광역시 서구 도마동 47-39번지,16.81,20200926
623,20180717,영업/정상,,대전광역시 서구 도마동 148-32번지,57.95,20200926
624,20161013,영업/정상,,대전광역시 서구 변동 47-1번지,42.75,20200926
625,20051111,영업/정상,,대전광역시 서구 도마동 34-16번지,124.15,20200926
626,20170728,영업/정상,,대전광역시 서구 변동 31-5번지,52.3,20200926
627,20181213,영업/정상,,대전광역시 서구 도마동 122-8번지,45.85,20200926
628,20181224,영업/정상,,대전광역시 서구 변동 53-60번지,57.29,20200926
629,20181218,영업/정상,,대전광역시 서구 변동 254-447번지,37.12,20200926
630,20181218,영업/정상,,대전광역시 서구 변동 73-31번지,132.29,20200926
631,20170615,폐업,20180228,대전광역시 서구 변동 7-39번지,36.9,20180228
632,20080410,폐업,20160411,대전광역시 서구 도마동 60-36번지 1층,32.4,20160411
633,20090210,폐업,20170818,대전광역시 서구 도마동 25-6번지 2층,154.0,20170818
634,20090324,폐업,20171128,대전광역시 서구 변동 2-4번지,137.1,20171128
635,20091019,폐업,20170330,대전광역시 서구 도마동 60-11번지 (1층),53.1,20170330
636,20091022,폐업,20190318,대전광역시 서구 도마동 74-9번지 1층,27.89,20190318
637,20141212,폐업,20160414,대전광역시 서구 변동 47-1번지 1층일부,42.75,20160414
638,19961023,폐업,20170328,대전광역시 서구 도마동 129-33번지,161.72,20170328
639,20001201,폐업,20190730,대전광역시 서구 도마동 110-12번지,109.36,20190730
640,20100419,폐업,20170328,대전광역시 서구 도마동 17-38번지 (1층),33.15,20170328
641,20000926,폐업,20170324,대전광역시 서구 도마동 46-6번지 1층,20.37,20170324
642,19961126,폐업,20170515,대전광역시 서구 변동 16-1번지,16.12,20170515
643,20001010,폐업,20180516,대전광역시 서구 도마동 174-1번지 1층,38.23,20180516
644,20100415,폐업,20180927,대전광역시 서구 도마동 40-1번지 1층,15.48,20180927
645,20140421,폐업,20151201,대전광역시 서구 변동 7-39번지,35.34,20151201
646,20081127,폐업,20170328,대전광역시 서구 도마동 134-6번지 (1층),6.15,20170328
647,20080805,폐업,20150924,대전광역시 서구 도마동 29-33번지 (1층),23.73,20150924
648,20071220,폐업,20160406,대전광역시 서구 도마동 184-19번지 1층,65.62,20160406
649,20001221,폐업,20170901,대전광역시 서구 도마동 120-6번지 (3층),267.95,20170901
650,20170404,폐업,20191227,대전광역시 서구 도마동 335-36번지,27.66,20191227
651,20100511,폐업,20160325,대전광역시 서구 도마동 25-2번지 지하1층,100.19,20160325
652,20100512,폐업,20190404,대전광역시 서구 변동 21-27번지 1층,46.71,20190404
653,20010117,폐업,20170321,대전광역시 서구 도마동 47-6번지,62.46,20170321
654,20001109,폐업,20170328,대전광역시 서구 도마동 144-11번지 (2층),91.14,20170328
655,20100226,폐업,20170328,대전광역시 서구 도마동 194번지 (1층),63.29,20170328
656,20081121,폐업,20180817,대전광역시 서구 변동 53-5번지 (1층),97.62,20180817
657,20080826,폐업,20181022,대전광역시 서구 변동 30-14번지 (1층),54.6,20181022
658,20081219,폐업,20190409,대전광역시 서구 변동 62-46번지 1층,144.48,20190409
659,20170502,폐업,20200115,대전광역시 서구 도마동 22-2번지,17.38,20200115
660,20010207,폐업,20200831,대전광역시 서구 도마동 128-89 2층,93.26,20200831
661,20090106,폐업,20160909,대전광역시 서구 도마동 152-3번지 1층,11.22,20160909
662,20170418,폐업,20190419,대전광역시 서구 도마동 46-4번지,66.71,20190419
663,20010221,폐업,20170330,대전광역시 서구 도마동 60-14번지 1층,137.93,20170330
664,20090729,폐업,20170802,대전광역시 서구 도마동 120-6번지 본본빌딩 1층,89.12,20170802
665,20090826,폐업,20180628,대전광역시 서구 도마동 89-27번지 1층,20.72,20180628
666,20090527,폐업,20190816,대전광역시 서구 도마동 124-5번지 (1층),31.18,20190816
667,20080610,폐업,20170927,대전광역시 서구 도마동 109-6번지,41.4,20170927
668,20080226,폐업,20151019,대전광역시 서구 도마동 190-15번지 1층,33.3,20151019
669,20170314,폐업,20200211,대전광역시 서구 변동 254-102번지,32.17,20200211
670,20091106,폐업,20160627,대전광역시 서구 도마동 60-14번지 (1층),55.97,20160627
671,20080924,폐업,20151204,대전광역시 서구 도마동 84-1번지 (1층),28.05,20151204
672,20080617,폐업,20181226,대전광역시 서구 도마동 126-33번지 1층,63.76,20181226
673,20080620,폐업,20180824,대전광역시 서구 변동 40-23번지 (1층),30.87,20180824
674,20080305,폐업,20151020,대전광역시 서구 도마동 49-11번지 (2층),108.25,20151020
675,20170316,폐업,20171025,대전광역시 서구 도마동 129-9번지,40.58,20171025
676,20091229,폐업,20181218,대전광역시 서구 변동 73-31번지 1층,132.29,20181218
677,20081002,폐업,20170330,대전광역시 서구 도마동 87-67번지 (2층),88.8,20170330
678,20081002,폐업,20170330,대전광역시 서구 도마동 87-67번지 (3층),88.8,20170330
679,20090227,폐업,20170330,대전광역시 서구 도마동 29-32번지,41.92,20170330
680,20080604,폐업,20170927,대전광역시 서구 도마동 60-14번지 1층,60.0,20170927
681,20081007,폐업,20181228,대전광역시 서구 도마동 127-36번지 (1층),29.04,20181228
682,20141231,폐업,20170818,대전광역시 서구 도마동 110-12번지 1층,39.12,20170818
683,20150407,폐업,20180410,대전광역시 서구 도마동 50-15번지,30.6,20180410
684,20100129,폐업,20190618,"대전광역시 서구 도마동 15-2번지 (121,122호)",64.8,20190618
685,20081010,폐업,20170727,대전광역시 서구 도마동 97-9번지 (1층),15.0,20170727
686,20100129,폐업,20151230,대전광역시 서구 변동 2-4번지 1층,140.36,20151230
687,20090311,폐업,20151215,대전광역시 서구 도마동 127-1번지 (1층),27.01,20151215
688,20090403,폐업,20170525,대전광역시 서구 도마동 41-8번지 1층,31.7,20170525
689,20130411,폐업,20180104,대전광역시 서구 변동 253-40번지 1층,14.06,20180104
690,20130402,폐업,20190711,대전광역시 서구 도마동 49-13번지 1층,19.31,20190711
691,20090325,폐업,20200529,대전광역시 서구 도마동 40-14번지 (1층),29.73,20200529
692,20130426,폐업,20170526,대전광역시 서구 도마동 110-12번지 1층일부,0.0,20170526
693,20130426,폐업,20171025,대전광역시 서구 변동 34-40번지 1층,22.26,20171025
694,20130624,폐업,20170809,대전광역시 서구 도마동 74-7번지 1층,33.86,20170809
695,20130710,폐업,20170330,대전광역시 서구 도마동 25-2번지 1층,29.22,20170330
696,20131121,폐업,20200706,대전광역시 서구 도마동 93-52 1층,102.48,20200706
697,20130711,폐업,20170201,대전광역시 서구 도마동 94-11번지 1층,32.89,20170201
698,20130716,폐업,20150323,대전광역시 서구 도마동 130-36번지 1층,25.92,20150323
699,20130717,폐업,20190123,대전광역시 서구 도마동 142-6번지 1층,34.44,20190123
700,20131112,폐업,20150916,대전광역시 서구 변동 71-12번지 1층,72.76,20150916
701,20131203,폐업,20161215,대전광역시 서구 변동 49-9번지 1층,38.03,20161215
702,20130520,폐업,20170104,대전광역시 서구 도마동 106-12번지 1층,31.07,20170104
703,20131210,폐업,20200618,대전광역시 서구 도마동 127-4번지 1층,103.2,20200618
704,20130703,폐업,20170818,대전광역시 서구 도마동 113-6번지 1층,16.06,20170818
705,20130808,폐업,20190604,대전광역시 서구 도마동 34-14번지 1층,39.32,20190604
706,20131126,폐업,20150528,대전광역시 서구 도마동 34-26번지 1층,57.46,20150528
707,20131216,폐업,20191008,대전광역시 서구 도마동 50-28번지 1층,33.15,20191008
708,20131217,폐업,20160112,대전광역시 서구 도마동 122-8번지 1층,31.58,20160112
709,20131218,폐업,20170425,대전광역시 서구 도마동 86-101번지 1층,75.58,20170425
710,20140513,폐업,20150313,대전광역시 서구 변동 73-61번지 1층,41.85,20150313
711,20140521,폐업,20150713,대전광역시 서구 도마동 134-5번지 1층,10.85,20150713
712,20140526,폐업,20160714,대전광역시 서구 도마동 109-13번지,34.12,20160714
713,20131212,폐업,20180628,대전광역시 서구 변동 34-19번지 1층,43.45,20180628
714,20130826,폐업,20171019,대전광역시 서구 도마동 463-3번지 1층,393.17,20171019
715,20131017,폐업,20191220,대전광역시 서구 변동 22-34번지,33.29,20191220
716,20140128,폐업,20160115,대전광역시 서구 도마동 120-20번지 1층 1호,22.45,20160115
717,20140226,폐업,20160802,대전광역시 서구 도마동 132-16번지 1층,0.0,20160802
718,20130911,폐업,20170816,대전광역시 서구 변동 3-1번지 1층,28.76,20170816
719,20130912,폐업,20190711,대전광역시 서구 도마동 35-7번지,26.45,20190711
720,20140228,폐업,20180814,대전광역시 서구 도마동 34-26번지 1층,19.2,20180814
721,20150203,폐업,20190529,대전광역시 서구 변동 33-40번지,14.9,20190529
722,20141114,폐업,20160629,대전광역시 서구 도마동 155-10번지 1층,13.7,20160629
723,20141121,폐업,20171129,대전광역시 서구 도마동 24-7번지 1,44.7,20171129
724,20140620,폐업,20170814,대전광역시 서구 변동 56-6번지 1층,19.47,20170814
725,20140805,폐업,20200214,대전광역시 서구 도마동 328-4번지 1층,44.8,20200214
726,20130903,폐업,20190117,대전광역시 서구 도마동 40-11번지 2층,70.49,20190117
727,20140304,폐업,20160310,대전광역시 서구 도마동 171-1번지 1층,25.62,20160310
728,20140305,폐업,20170901,대전광역시 서구 도마동 38번지 103호,35.23,20170901
729,20140305,폐업,20171116,대전광역시 서구 도마동 134-5번지,7.6,20171116
730,20140314,폐업,20170328,대전광역시 서구 도마동 120-7번지 1층,29.6,20170328
731,20131024,폐업,20190801,대전광역시 서구 도마동 29-22번지,28.89,20190801
732,20131025,폐업,20170515,대전광역시 서구 변동 24-10번지,35.21,20170515
733,20150311,폐업,20150702,대전광역시 서구 도마동 114-3번지 1층일부,48.18,20150702
734,20141128,폐업,20191206,대전광역시 서구 변동 58-4번지 모닝빌아파트상가106호일부,55.1,20191206
735,20140114,폐업,20160412,"대전광역시 서구 도마동 107-7번지 도마점, 1층",31.0,20160412
736,20140408,폐업,20150417,대전광역시 서구 도마동 15-1번지 101호,17.64,20150417
737,20141208,폐업,20170906,대전광역시 서구 도마동 100-28번지 1층,78.1,20170906
738,20140408,폐업,20180508,대전광역시 서구 도마동 121-20번지 1층,26.47,20180508
739,20140321,폐업,20170714,대전광역시 서구 변동 56-25번지 1층,44.94,20170714
740,20140410,폐업,20180411,대전광역시 서구 도마동 17-44번지 1층,36.11,20180411
741,20140917,폐업,20170718,대전광역시 서구 도마동 90-42번지,29.28,20170718
742,20140828,폐업,20150609,대전광역시 서구 도마동 134-151번지 1층,16.08,20150609
743,20140407,폐업,20160324,대전광역시 서구 도마동 17-38번지 1층,20.2,20160324
744,20140924,폐업,20150916,대전광역시 서구 도마동 17-37번지 1층,15.82,20150916
745,20050129,폐업,20170330,대전광역시 서구 도마동 29-3번지 1층,32.08,20170330
746,20040906,폐업,20170515,대전광역시 서구 변동 12-58번지 1층,39.76,20170515
747,20050218,폐업,20150406,대전광역시 서구 변동 62-7번지 나동 1층,49.4,20150406
748,20060215,폐업,20190102,대전광역시 서구 변동 30-1번지 1층,303.54,20190102
749,20040715,폐업,20180417,대전광역시 서구 도마동 174-9번지 1층,73.93,20180417
750,20040716,폐업,20170330,대전광역시 서구 도마동 94-1번지,81.18,20170330
751,20040719,폐업,20170713,대전광역시 서구 도마동 133-17번지 1층,18.55,20170713
752,20050429,폐업,20170515,대전광역시 서구 변동 47-3번지 1층,31.34,20170515
753,20041124,폐업,20170809,대전광역시 서구 도마동 114-4번지 1층,48.45,20170809
754,20050121,폐업,20150402,대전광역시 서구 도마동 67-15번지 1층,25.27,20150402
755,20050414,폐업,20161028,대전광역시 서구 도마동 120-28번지 1층,82.21,20161028
756,20060223,폐업,20170227,대전광역시 서구 변동 47-22번지 1층,28.25,20170227
757,20041124,폐업,20170330,대전광역시 서구 도마동 50-15번지 1층,26.88,20170330
758,20050223,폐업,20150129,대전광역시 서구 도마동 18-25번지 102호,40.22,20150129
759,20050302,폐업,20150108,대전광역시 서구 도마동 18-25번지 101호,40.2,20150108
760,20040914,폐업,20170328,대전광역시 서구 도마동 122-18번지 1층,24.46,20170328
761,20041207,폐업,20160602,대전광역시 서구 변동 42-1번지 1층,63.63,20160602
762,20050506,폐업,20170328,대전광역시 서구 도마동 137-2번지 1층,40.99,20170328
763,20041217,폐업,20170330,"대전광역시 서구 도마동 23-5번지 ,11번지 2층",44.9,20170330
764,20051228,폐업,20170330,대전광역시 서구 도마동 89-1번지 1층,47.73,20170330
765,20060713,폐업,20150506,대전광역시 서구 도마동 74-7번지 1층,71.61,20150506
766,20051230,폐업,20170328,대전광역시 서구 도마동 188-7번지 지하,87.36,20170328
767,20130315,폐업,20170822,대전광역시 서구 도마동 133-3번지,16.21,20170822
768,20111019,폐업,20190322,대전광역시 서구 변동 74-16번지 (1층),15.5,20190322
769,20050623,폐업,20170328,대전광역시 서구 도마동 168-9번지 102호,9.3,20170328
770,20141007,폐업,20170901,대전광역시 서구 변동 19-20번지 1층,12.5,20170901
771,20141013,폐업,20200717,대전광역시 서구 도마동 133-19 1층,12.5,20200717
772,20120531,폐업,20170322,대전광역시 서구 변동 7-20번지 1층,20.87,20170322
773,20120608,폐업,20191122,대전광역시 서구 변동 21-27번지 1층,82.68,20191122
774,20111205,폐업,20170328,대전광역시 서구 도마동 185-6번지 1층,18.35,20170328
775,19990414,폐업,20170328,대전광역시 서구 도마동 131-2번지,26.85,20170328
776,20040401,폐업,20170328,대전광역시 서구 도마동 15-1번지 124호,31.6,20170328
777,20120614,폐업,20170328,대전광역시 서구 도마동 174-1번지 2층,131.75,20170328
778,20120619,폐업,20170828,대전광역시 서구 변동 70-9번지 1층,120.75,20170828
779,20111215,폐업,20151110,대전광역시 서구 변동 252-39번지 1층,30.1,20151110
780,20050319,폐업,20170328,대전광역시 서구 도마동 110-13번지 (1층),26.56,20170328
781,20040525,폐업,20190121,대전광역시 서구 도마동 86-101번지 1층,42.95,20190121
782,20040525,폐업,20170328,대전광역시 서구 도마동 126-5번지 1층,12.74,20170328
783,20111230,폐업,20161229,대전광역시 서구 도마동 70-34번지 1층,49.25,20161229
784,20111230,폐업,20170816,대전광역시 서구 도마동 147-50번지 2층,29.24,20170816
785,20050325,폐업,20181127,대전광역시 서구 도마동 176-30번지 (1층),108.3,20181127
786,20040217,폐업,20170808,대전광역시 서구 도마동 17-39번지 (1층),65.4,20170808
787,20040819,폐업,20170328,대전광역시 서구 도마동 135-22번지 지하1층,32.85,20170328
788,20040414,폐업,20200303,대전광역시 서구 도마동 86-131번지,136.88,20200303
789,20120727,폐업,20170330,대전광역시 서구 도마동 328-5번지 1층,19.6,20170330
790,20040610,폐업,20190507,대전광역시 서구 도마동 34-5번지 1층,30.38,20190507
791,20040309,폐업,20171030,대전광역시 서구 도마동 175-14번지 1층,211.62,20171030
792,20050112,폐업,20170515,대전광역시 서구 변동 40-24번지 1층,20.71,20170515
793,20040420,폐업,20180418,대전광역시 서구 도마동 175-17번지 1층,22.26,20180418
794,20120808,폐업,20170809,대전광역시 서구 변동 60-3번지 1층,93.96,20170809
795,20041106,폐업,20180515,대전광역시 서구 도마동 139-44번지 1층,37.53,20180515
796,20040824,폐업,20170515,대전광역시 서구 변동 12-8번지 1층,198.93,20170515
797,20190130,폐업,20200210,대전광역시 서구 도마동 188-1번지,33.0,20200210
798,20051101,폐업,20170330,대전광역시 서구 도마동 94-24번지 1층,40.55,20170330
799,19960327,폐업,20171128,대전광역시 서구 도마동 23-2번지,38.96,20171128
800,20100826,폐업,20170511,대전광역시 서구 도마동 94-37번지 (1층),60.87,20170511
801,20100830,폐업,20190423,대전광역시 서구 도마동 18-25번지 1층,40.4,20190423
802,20011110,폐업,20170320,대전광역시 서구 도마동 120-23번지,151.09,20170320
803,20010913,폐업,20170328,대전광역시 서구 도마동 15-1번지,33.41,20170328
804,19960803,폐업,20160411,대전광역시 서구 도마동 106-21번지 (1층),16.15,20160411
805,20051108,폐업,20170515,대전광역시 서구 변동 40-8번지 1층,79.71,20170515
806,20050927,폐업,20151029,대전광역시 서구 도마동 122-33번지 1층,61.57,20151029
807,20011114,폐업,20170330,대전광역시 서구 도마동 85-1번지,31.05,20170330
808,20010919,폐업,20160620,대전광역시 서구 도마동 87-14번지,52.7,20160620
809,19960416,폐업,20170328,대전광역시 서구 도마동 141-2번지 (2층),87.59,20170328
810,20010922,폐업,20150723,대전광역시 서구 도마동 128-14번지,27.6,20150723
811,20010814,폐업,20200831,대전광역시 서구 도마동 50-50 1층,65.92,20200831
812,19960910,폐업,20170328,대전광역시 서구 도마동 15-2번지,64.23,20170328
813,20010821,폐업,20170530,대전광역시 서구 도마동 184-15번지,27.0,20170530
814,20120913,폐업,20170328,대전광역시 서구 도마동 146-31번지,65.4,20170328
815,20030226,폐업,20191217,대전광역시 서구 도마동 177-55번지 (1층),74.97,20191217
816,19960621,폐업,20150521,대전광역시 서구 도마동 186-9번지,81.14,20150521
817,19960627,폐업,20151105,대전광역시 서구 도마동 175-17번지 1층,27.43,20151105
818,19911011,폐업,20170515,대전광역시 서구 변동 42-1번지,63.7,20170515
819,20120917,폐업,20180807,대전광역시 서구 도마동 173-1번지,137.35,20180807
820,20011121,폐업,20170728,대전광역시 서구 도마동 29-21번지 1층,80.58,20170728
821,19960629,폐업,20151006,대전광역시 서구 도마동 47-11번지,48.87,20151006
822,19950817,폐업,20161117,대전광역시 서구 도마동 174-1번지,17.7,20161117
823,19950819,폐업,20170328,대전광역시 서구 도마동 209-7번지,87.14,20170328
824,20050727,폐업,20170907,대전광역시 서구 도마동 174-7번지 1층,68.52,20170907
825,20050727,폐업,20200608,대전광역시 서구 변동 31-14번지 1층,41.58,20200608
826,20010628,폐업,20170330,대전광역시 서구 도마동 333-28번지,17.15,20170330
827,19950830,폐업,20180315,대전광역시 서구 변동 47-25번지 1층,42.64,20180315
828,20010827,폐업,20170330,대전광역시 서구 도마동 26번지,20.89,20170330
829,20010831,폐업,20170330,대전광역시 서구 도마동 99-1번지,130.15,20170330
830,19930819,폐업,20160203,대전광역시 서구 도마동 35-12번지,29.69,20160203
831,20010905,폐업,20170328,대전광역시 서구 도마동 148-18번지 (1층),106.76,20170328
832,20010529,폐업,20150417,대전광역시 서구 변동 77-46번지,47.04,20150417
833,20000509,폐업,20160801,대전광역시 서구 도마동 120-6번지 2층,223.53,20160801
834,19930216,폐업,20170522,대전광역시 서구 도마동 85-37번지,29.25,20170522
835,19930223,폐업,20181206,대전광역시 서구 도마동 129-32번지 1층,25.8,20181206
836,19890724,폐업,20180907,대전광역시 서구 변동 50-9번지,0.0,20180907
837,19930330,폐업,20170328,대전광역시 서구 도마동 109-5번지,94.9,20170328
838,19820503,폐업,20180807,대전광역시 서구 도마동 89-44번지,0.0,20180807
839,19830721,폐업,20170515,대전광역시 서구 변동 12-17번지,40.5,20170515
840,19840404,폐업,20170328,대전광역시 서구 도마동 139-9번지,23.0,20170328
841,19840723,폐업,20170818,대전광역시 서구 도마동 67-5번지,0.0,20170818
842,19860709,폐업,20170328,대전광역시 서구 도마동 142-10번지,51.51,20170328
843,19911120,폐업,20180820,대전광역시 서구 도마동 178-51번지,153.49,20180820
844,19911128,폐업,20170330,대전광역시 서구 도마동 50-15번지,128.11,20170330
845,19841108,폐업,20160224,대전광역시 서구 변동 49-11번지,57.36,20160224
846,19850128,폐업,20170619,대전광역시 서구 변동 73-14번지,31.24,20170619
847,19850309,폐업,20170612,대전광역시 서구 변동 50-9번지,34.0,20170612
848,19911210,폐업,20151217,대전광역시 서구 변동 1-21번지 2층,95.4,20151217
849,19850625,폐업,20170328,대전광역시 서구 도마동 143-8번지,12.92,20170328
850,20000110,폐업,20160322,대전광역시 서구 도마동 122-6번지,39.65,20160322
851,19940430,폐업,20160609,대전광역시 서구 도마동 99-9번지,14.53,20160609
852,20031220,폐업,20170328,대전광역시 서구 도마동 143-12번지,73.16,20170328
853,19950318,폐업,20170328,대전광역시 서구 도마동 188-13번지,104.55,20170328
854,20031222,폐업,20191226,대전광역시 서구 도마동 137-13번지,58.65,20191226
855,20031226,폐업,20150407,대전광역시 서구 도마동 50-15번지,30.6,20150407
856,19891226,폐업,20150205,대전광역시 서구 변동 71-15번지,41.65,20150205
857,19881219,폐업,20191007,대전광역시 서구 도마동 129-33번지,99.0,20191007
858,19881228,폐업,20170328,대전광역시 서구 도마동 130-26번지,0.0,20170328
859,19891227,폐업,20170515,대전광역시 서구 변동 30-19번지 (30-13),71.42,20170515
860,19950504,폐업,20170330,대전광역시 서구 도마동 359-10번지 1층,27.95,20170330
861,19950523,폐업,20170515,대전광역시 서구 변동 73-13번지,35.22,20170515
862,19870609,폐업,20170328,대전광역시 서구 도마동 141-33번지 (141-32),109.75,20170328
863,19891106,폐업,20170515,대전광역시 서구 변동 71-47번지 (71-49),0.0,20170515
864,19950511,폐업,20160322,대전광역시 서구 도마동 15-2번지,75.29,20160322
865,19940617,폐업,20170328,대전광역시 서구 도마동 157-1번지,84.8,20170328
866,20010504,폐업,20180831,대전광역시 서구 도마동 34-16번지,136.14,20180831
867,19880921,폐업,20190805,대전광역시 서구 도마동 175-13번지,40.87,20190805
868,19900131,폐업,20170515,대전광역시 서구 변동 71-11번지,25.12,20170515
869,19900316,폐업,20170330,대전광역시 서구 도마동 330-21번지,0.0,20170330
870,19900424,폐업,20160518,대전광역시 서구 도마동 84-11번지,115.95,20160518
871,19900512,폐업,20191107,대전광역시 서구 변동 61-8번지,110.54,20191107
872,19900514,폐업,20200106,대전광역시 서구 도마동 121-20번지,26.47,20200106
873,19940705,폐업,20170515,대전광역시 서구 변동 46-17번지,15.56,20170515
874,19900706,폐업,20170626,대전광역시 서구 변동 41-23번지,19.14,20170626
875,19900723,폐업,20150611,대전광역시 서구 도마동 188-13번지,32.16,20150611
876,19900730,폐업,20170515,대전광역시 서구 변동 49-9번지,0.0,20170515
877,19900821,폐업,20170328,대전광역시 서구 도마동 109-27번지 (2층),0.0,20170328
878,19900914,폐업,20170808,대전광역시 서구 도마동 106-15번지,93.65,20170808
879,19920312,폐업,20180131,대전광역시 서구 도마동 110-12번지 1층,22.05,20180131
880,19930823,폐업,20181228,대전광역시 서구 도마동 328-18번지 1층,46.14,20181228
881,19920403,폐업,20171219,대전광역시 서구 도마동 74-9번지 (1층),58.28,20171219
882,19901024,폐업,20150417,대전광역시 서구 도마동 330-21번지,22.79,20150417
883,19901116,폐업,20180629,대전광역시 서구 도마동 330-19번지,25.75,20180629
884,20010509,폐업,20170328,대전광역시 서구 도마동 164-16번지,21.2,20170328
885,19950719,폐업,20190814,대전광역시 서구 변동 31-5번지,52.3,20190814
886,19920502,폐업,20190212,대전광역시 서구 도마동 101-29번지 1층,23.18,20190212
887,19920502,폐업,20170330,대전광역시 서구 도마동 88-17번지,32.92,20170330
888,19920506,폐업,20200806,대전광역시 서구 도마동 120-2,61.04,20200806
889,19931103,폐업,20150921,대전광역시 서구 도마동 92-18번지,43.42,20150921
890,19910309,폐업,20180629,대전광역시 서구 도마동 168-35번지,28.86,20180629
891,20010512,폐업,20170330,대전광역시 서구 도마동 71-68번지,13.61,20170330
892,19950722,폐업,20200625,대전광역시 서구 변동 31-6,19.8,20200625
893,19950725,폐업,20180731,대전광역시 서구 도마동 139-40번지,28.82,20180731
894,19950726,폐업,20180404,대전광역시 서구 변동 27-41번지,20.06,20180404
895,19921031,폐업,20170919,대전광역시 서구 변동 7-7번지,22.6,20170919
896,19920903,폐업,20180830,대전광역시 서구 변동 71-26번지,61.45,20180830
897,19921121,폐업,20170418,대전광역시 서구 변동 50-6번지,25.28,20170418
898,19921219,폐업,20170515,대전광역시 서구 변동 49-40번지,39.36,20170515
899,19991124,폐업,20170328,대전광역시 서구 도마동 121-6번지,71.05,20170328
900,20130305,폐업,20170328,대전광역시 서구 도마동 120-1번지 2층,76.77,20170328
901,19860702,폐업,20170106,대전광역시 서구 변동 62-24번지,0.0,20170106
902,20020808,폐업,20170809,대전광역시 서구 도마동 120-6번지,271.44,20170809
903,20031217,폐업,20170530,대전광역시 서구 도마동 25-24번지 1층,59.14,20170530
904,20020620,폐업,20170328,대전광역시 서구 도마동 110-13번지,23.85,20170328
905,20031213,폐업,20190305,대전광역시 서구 도마동 174-4번지,90.13,20190305
906,19991025,폐업,20190129,대전광역시 서구 도마동 172-13번지,37.82,20190129
907,19991218,폐업,20180621,대전광역시 서구 변동 57-4번지 1층,72.03,20180621
908,20040120,폐업,20170328,대전광역시 서구 도마동 15-1번지 1층,31.44,20170328
909,20000629,폐업,20160929,대전광역시 서구 변동 34-9번지,37.47,20160929
910,20121226,폐업,20170126,대전광역시 서구 도마동 40-13번지,38.42,20170126
911,20010316,폐업,20191218,대전광역시 서구 도마동 358-1번지,32.07,20191218
912,20010503,폐업,20170330,대전광역시 서구 도마동 99-24번지,27.93,20170330
913,20031230,폐업,20170816,대전광역시 서구 변동 40-22번지,112.26,20170816
914,20010517,폐업,20170119,대전광역시 서구 도마동 93-8번지,26.4,20170119
915,20020903,폐업,20170328,대전광역시 서구 도마동 172-22번지 2층,56.68,20170328
916,20121130,폐업,20170329,대전광역시 서구 도마동 87-67번지,86.6,20170329
917,20121107,폐업,20150421,대전광역시 서구 도마동 130-5번지,19.8,20150421
918,20020829,폐업,20150827,대전광역시 서구 도마동 165-7번지,55.8,20150827
919,20121017,폐업,20150625,대전광역시 서구 도마동 106-16번지,61.72,20150625
920,20121022,폐업,20150106,대전광역시 서구 도마동 171-19번지,41.08,20150106
921,20011215,폐업,20170515,대전광역시 서구 변동 16-51번지,30.27,20170515
922,20020515,폐업,20170515,대전광역시 서구 변동 43-19번지,33.85,20170515
923,20121031,폐업,20190520,대전광역시 서구 변동 41-1번지,12.53,20190520
924,20030812,폐업,20180716,대전광역시 서구 변동 31-36번지 1층,28.16,20180716
925,20130219,폐업,20180130,대전광역시 서구 도마동 181-8번지 1층,19.4,20180130
926,20130225,폐업,20191219,대전광역시 서구 도마동 50-29번지 2층,82.46,20191219
927,20130228,폐업,20171113,대전광역시 서구 도마동 69-1번지 2층,112.25,20171113
928,20020401,폐업,20170515,대전광역시 서구 변동 65-63번지,28.8,20170515
929,20020411,폐업,20170310,대전광역시 서구 도마동 176-35번지,64.43,20170310
930,20020321,폐업,20170330,대전광역시 서구 도마동 93-9번지,29.83,20170330
931,20020409,폐업,20190415,대전광역시 서구 변동 73-14번지,31.04,20190415
932,20020409,폐업,20170328,대전광역시 서구 도마동 100-19번지,95.06,20170328
933,20121126,폐업,20150428,대전광역시 서구 도마동 188-15번지,34.15,20150428
934,20020201,폐업,20170614,대전광역시 서구 도마동 188-6번지,138.42,20170614
935,20020304,폐업,20170330,대전광역시 서구 도마동 349-8번지 지하1층,56.37,20170330
936,20020308,폐업,20170330,대전광역시 서구 도마동 50-15번지,59.0,20170330
937,20020309,폐업,20181010,대전광역시 서구 도마동 142-51번지,35.87,20181010
938,20190618,폐업,20200116,대전광역시 서구 변동 4-15번지,22.93,20200116
939,19970716,폐업,20180503,대전광역시 서구 변동 62-47번지,109.0,20180503
940,20020926,폐업,20190819,대전광역시 서구 도마동 565-57번지,157.17,20190819
941,19990628,폐업,20170209,대전광역시 서구 도마동 122-1번지 1층,34.32,20170209
942,20030215,폐업,20181005,대전광역시 서구 변동 7-20번지,54.03,20181005
943,19971216,폐업,20180703,대전광역시 서구 도마동 25-3번지 지하1층,26.1,20180703
944,19990807,폐업,20190820,대전광역시 서구 도마동 180-12번지,44.06,20190820
945,19980311,폐업,20180917,대전광역시 서구 변동 5-5번지,119.27,20180917
946,19990821,폐업,20181022,대전광역시 서구 변동 4-36번지,31.3,20181022
947,19980130,폐업,20191218,대전광역시 서구 도마동 101-13번지 15통1반,16.87,20191218
948,20021211,폐업,20170328,대전광역시 서구 도마동 110-11번지,69.11,20170328
949,19990826,폐업,20170330,대전광역시 서구 도마동 50-7번지,217.45,20170330
950,20021226,폐업,20170714,대전광역시 서구 도마동 179-73번지,48.6,20170714
951,20030215,폐업,20170125,대전광역시 서구 변동 8-9번지,51.6,20170125
952,20021214,폐업,20181212,대전광역시 서구 도마동 176-9번지 (1층),83.62,20181212
953,19980715,폐업,20170328,대전광역시 서구 도마동 108-18번지,47.58,20170328
954,20021118,폐업,20170328,대전광역시 서구 도마동 17-37번지,16.43,20170328
955,19980711,폐업,20180830,대전광역시 서구 도마동 110-10번지,118.54,20180830
956,20021230,폐업,20170328,대전광역시 서구 도마동 109-13번지 2층,71.61,20170328
957,19970710,폐업,20180703,대전광역시 서구 도마동 175-17번지 2층,56.6,20180703
958,20030114,폐업,20170726,대전광역시 서구 도마동 119-10번지 1층,40.3,20170726
959,19971008,폐업,20170221,대전광역시 서구 도마동 25-8번지 (2층),115.27,20170221
960,19970605,폐업,20170515,대전광역시 서구 변동 8-09번지,19.97,20170515
961,19970610,폐업,20170515,대전광역시 서구 변동 49-14번지,38.46,20170515
962,19971121,폐업,20170328,대전광역시 서구 도마동 120-6번지,133.02,20170328
963,19980929,폐업,20170515,대전광역시 서구 변동 3-31번지,12.24,20170515
964,19990916,폐업,20160202,대전광역시 서구 도마동 25-8번지,24.0,20160202
965,19990605,폐업,20170607,대전광역시 서구 도마동 15-1번지,63.96,20170607
966,19990920,폐업,20170328,대전광역시 서구 도마동 120-1번지 1층,27.4,20170328
967,19971016,폐업,20170203,대전광역시 서구 도마동 29-33번지,24.29,20170203
968,19980601,폐업,20160401,대전광역시 서구 도마동 119-16번지,36.27,20160401
969,20190802,폐업,20200102,대전광역시 서구 도마동 127-14번지,11.17,20200102
970,19980217,폐업,20191001,대전광역시 서구 도마동 175-25번지 1층,50.21,20191001
971,20191015,폐업,20191106,대전광역시 서구 도마동 417-2번지,0.0,20191106
972,20191113,폐업,20200824,대전광역시 서구 도마동 108-6,18.43,20200824
973,20010529,폐업,20171026,대전광역시 서구 도마동 88-48번지,41.37,20171026
974,19970515,폐업,20180615,대전광역시 서구 도마동 69-07번지 1층,59.92,20180615
975,20051206,폐업,20170515,대전광역시 서구 변동 80-5번지 1층,46.57,20170515
976,20200211,폐업,20200212,대전광역시 서구 도마동 439-6번지 배재대학교,0.0,20200212
977,19900920,폐업,20170816,대전광역시 서구 도마동 143-8번지,0.0,20170816
978,20090610,폐업,20150121,대전광역시 서구 도마동 79-46번지 (1층),50.7,20150121
979,20021221,폐업,20180418,대전광역시 서구 도마동 49-9번지,63.97,20180418
980,20140403,폐업,20190318,대전광역시 서구 도마동 335-6번지 1층,21.77,20190318
981,20000201,폐업,20190605,대전광역시 서구 변동 21-14번지,84.38,20190605
982,19991018,폐업,20150420,대전광역시 서구 도마동 39-15번지,0.0,20150420
983,20050411,폐업,20160108,대전광역시 서구 변동 288-8번지 1층,29.24,20160108
984,20180730,폐업,20190730,대전광역시 서구 도마동 330-21번지,36.84,20190730
985,20180928,폐업,20181005,대전광역시 서구 도마동 175-18번지,0.0,20181005
986,20170731,폐업,20200123,대전광역시 서구 도마동 110-12번지,30.03,20200123
987,20110524,폐업,20170328,대전광역시 서구 도마동 189-4번지 (1층),22.7,20170328
988,20120125,폐업,20150506,대전광역시 서구 도마동 33-1번지,39.33,20150506
989,20110601,폐업,20161026,대전광역시 서구 도마동 40-14번지 (1층),29.73,20161026
990,20101228,폐업,20190605,대전광역시 서구 도마동 122-33번지,61.57,20190605
991,20101229,폐업,20150223,대전광역시 서구 도마동 15-1번지 (지하1층 101호),155.2,20150223
992,20171106,폐업,20180830,대전광역시 서구 도마동 17-39번지 1층,114.93,20180830
993,20151014,폐업,20200828,대전광역시 서구 변동 252-126,57.94,20200828
994,20070612,폐업,20170918,대전광역시 서구 도마동 26-29번지 1층,42.21,20170918
995,20070612,폐업,20170131,대전광역시 서구 도마동 34-29번지 1층,38.33,20170131
996,19990225,폐업,20180806,대전광역시 서구 도마동 175-14번지,95.42,20180806
997,20070801,폐업,20170713,대전광역시 서구 도마동 26-29번지 1층,69.89,20170713
998,20070820,폐업,20190716,대전광역시 서구 도마동 172-34번지 1층,141.37,20190716
999,20070822,폐업,20170720,대전광역시 서구 도마동 175-14번지 (1층),91.66,20170720
1000,20151013,폐업,20191111,대전광역시 서구 도마동 49-7번지 2층,44.1,20191111
1001,20070912,폐업,20200305,대전광역시 서구 도마동 47-28번지 (1층),35.28,20200305
1002,20050310,폐업,20170328,대전광역시 서구 도마동 120-21번지 지하1층,107.0,20170328
1003,20040924,폐업,20170330,대전광역시 서구 도마동 66-1번지 1층,28.61,20170330
1004,20070824,폐업,20160808,대전광역시 서구 도마동 565-26번지 (1층),36.96,20160808
1005,20060901,폐업,20191227,대전광역시 서구 도마동 69-6번지 1층,32.69,20191227
1006,20070313,폐업,20191127,대전광역시 서구 도마동 40-5번지 2층,73.03,20191127
1007,20071031,폐업,20170529,대전광역시 서구 도마동 170-1번지 (1층),29.47,20170529
1008,20030828,폐업,20170328,대전광역시 서구 도마동 142-53번지,63.3,20170328
1009,20030327,폐업,20200525,대전광역시 서구 도마동 157-19번지,32.09,20200525
1010,20030326,폐업,20170328,대전광역시 서구 도마동 113-16번지,64.25,20170328
1011,20070112,폐업,20190820,대전광역시 서구 도마동 39-4번지 102호,30.94,20190820
1012,20170913,폐업,20200611,대전광역시 서구 변동 70-9번지,118.07,20200611
1013,20030830,폐업,20200728,대전광역시 서구 도마동 164-31,31.91,20200728
1014,20110701,폐업,20181002,대전광역시 서구 변동 42-33번지 1층,100.88,20181002
1015,20101110,폐업,20160801,대전광역시 서구 도마동 50-6번지 (1층),27.0,20160801
1016,20101111,폐업,20181210,대전광역시 서구 변동 24-65번지 (1층),28.7,20181210
1017,20101111,폐업,20180618,대전광역시 서구 도마동 109-13번지 1층,32.6,20180618
1018,20070208,폐업,20191023,대전광역시 서구 도마동 34-44번지 1층,158.71,20191023
1019,20120828,폐업,20170809,대전광역시 서구 도마동 29-22번지,32.28,20170809
1020,20120905,폐업,20150424,대전광역시 서구 도마동 110-20번지,31.7,20150424
1021,20110707,폐업,20191217,대전광역시 서구 도마동 121-19번지 (1층),25.2,20191217
1022,20170717,폐업,20171116,대전광역시 서구 도마동 359-10번지,29.31,20171116
1023,20110826,폐업,20200113,대전광역시 서구 변동 7-8번지,53.6,20200113
1024,20110822,폐업,20170720,대전광역시 서구 도마동 194번지 (2층),49.6,20170720
1025,20070426,폐업,20160803,대전광역시 서구 도마동 49-1번지 1층,38.73,20160803
1026,20060313,폐업,20160211,대전광역시 서구 도마동 114-11번지,32.8,20160211
1027,20060322,폐업,20170809,대전광역시 서구 도마동 173-1번지 써머스빌상가 106호,33.94,20170809
1028,20061031,폐업,20150512,대전광역시 서구 도마동 123-9번지 2층,75.8,20150512
1029,20060403,폐업,20151201,대전광역시 서구 도마동 106-21번지 (1층),68.39,20151201
1030,20120827,폐업,20190826,대전광역시 서구 도마동 174-1번지,43.22,20190826
1031,20110307,폐업,20170328,대전광역시 서구 도마동 142-14번지 (2층),83.16,20170328
1032,20110425,폐업,20170328,대전광역시 서구 도마동 144-24번지 1층,40.1,20170328
1033,20110816,폐업,20150616,대전광역시 서구 변동 19-20번지 1층,30.6,20150616
1034,20110829,폐업,20161019,대전광역시 서구 도마동 49-9번지 (1층),29.73,20161019
1035,20060404,폐업,20200224,대전광역시 서구 도마동 328-4번지 도마@상가1층5호,84.05,20200224
1036,20061025,폐업,20190729,대전광역시 서구 도마동 88-47번지 1층,52.97,20190729
1037,20061030,폐업,20170515,대전광역시 서구 변동 28-9번지 1층,20.02,20170515
1038,20060414,폐업,20190115,대전광역시 서구 도마동 188-1번지 1층,35.8,20190115
1039,20061121,폐업,20190826,대전광역시 서구 도마동 174-1번지 1층,67.47,20190826
1040,20110406,폐업,20151005,대전광역시 서구 도마동 34-42번지 (1층),21.7,20151005
1041,20110525,폐업,20191231,대전광역시 서구 도마동 176-18번지 1층,47.79,20191231
1042,20110915,폐업,20170821,대전광역시 서구 도마동 25-6번지 (3층),153.18,20170821
1043,20171016,폐업,20191231,대전광역시 서구 도마동 173-1번지,34.78,20191231
1044,20171018,폐업,20190726,대전광역시 서구 도마동 26-29번지,95.34,20190726
1045,20061102,폐업,20191218,대전광역시 서구 도마동 101-12번지,68.6,20191218
1046,20061106,폐업,20181119,대전광역시 서구 도마동 41-12번지,35.69,20181119
1047,20110428,폐업,20150828,대전광역시 서구 도마동 128-50번지 1층,64.8,20150828
1048,20060504,폐업,20170328,대전광역시 서구 도마동 171-39번지 (1층),29.7,20170328
1049,20070629,폐업,20170328,대전광역시 서구 도마동 125-2번지 (1층),38.25,20170328
1050,20061219,폐업,20200115,대전광역시 서구 도마동 124-5번지 1층,42.36,20200115
1051,20180320,폐업,20180418,대전광역시 서구 변동 49-1번지 변동종합시장,0.0,20180418
1052,20180416,폐업,20200318,대전광역시 서구 도마동 88-4번지,84.0,20200318
1053,20180419,폐업,20190620,대전광역시 서구 변동 7-39번지,38.66,20190620
1054,20180420,폐업,20200630,대전광역시 서구 도마동 119-10,43.88,20200630
1055,20110209,폐업,20150105,대전광역시 서구 도마동 50-28번지 (1층),27.07,20150105
1056,20110224,폐업,20170328,대전광역시 서구 도마동 209-4번지 (1층),107.19,20170328
1057,20180427,폐업,20191107,대전광역시 서구 도마동 26-29번지,17.89,20191107
1058,20180213,폐업,20190306,대전광역시 서구 도마동 50-29번지,30.29,20190306
1059,20111010,폐업,20170515,대전광역시 서구 변동 24-51번지 (1층),37.8,20170515
1060,20111011,폐업,20180411,대전광역시 서구 도마동 125-19번지 (1층),23.5,20180411
1061,20150921,폐업,20180618,대전광역시 서구 변동 73-3번지,45.5,20180618
1062,20150923,폐업,20151022,대전광역시 서구 도마동 463-3번지,0.0,20151022
1063,20160412,폐업,20190212,대전광역시 서구 도마동 140-25번지,17.37,20190212
1064,20160426,폐업,20160727,대전광역시 서구 변동 49-1번지,20.09,20160727
1065,20151028,폐업,20180326,대전광역시 서구 변동 41-6번지,27.5,20180326
1066,20030926,폐업,20181114,대전광역시 서구 도마동 194-1번지 2층,250.2,20181114
1067,20161101,폐업,20190429,대전광역시 서구 도마동 40-14번지,29.73,20190429
1068,20150430,폐업,20160801,대전광역시 서구 도마동 93-8번지,25.7,20160801
1069,20151113,폐업,20170816,대전광역시 서구 도마동 114-1번지,9.1,20170816
1070,20151120,폐업,20200204,대전광역시 서구 도마동 180-2번지,19.08,20200204
1071,20151125,폐업,20160324,대전광역시 서구 도마동 140-25번지,17.06,20160324
1072,20030917,폐업,20170801,대전광역시 서구 도마동 132-13번지 1층,26.28,20170801
1073,20030917,폐업,20190730,대전광역시 서구 도마동 60-14번지 2층,98.92,20190730
1074,20150622,폐업,20200612,대전광역시 서구 도마동 164-28번지,50.9,20200612
1075,20151127,폐업,20170922,대전광역시 서구 변동 50-12번지,14.5,20170922
1076,20150706,폐업,20200730,대전광역시 서구 도마동 46-15,79.06,20200730
1077,20160118,폐업,20200413,대전광역시 서구 도마동 35-7번지,26.45,20200413
1078,20170111,폐업,20200608,대전광역시 서구 도마동 106-18번지,90.96,20200608
1079,20151201,폐업,20170220,대전광역시 서구 변동 7-39번지,36.9,20170220
1080,20160211,폐업,20191217,대전광역시 서구 도마동 190-15번지,27.41,20191217
1081,20150825,폐업,20171226,대전광역시 서구 변동 47-2번지,21.5,20171226
1082,20171227,폐업,20181018,대전광역시 서구 도마동 138-1번지,24.76,20181018
1083,20160629,폐업,20170428,대전광역시 서구 도마동 60-29번지,98.4,20170428
1084,20160218,폐업,20171120,대전광역시 서구 도마동 33-14번지,15.18,20171120
1085,20160224,폐업,20180312,대전광역시 서구 도마동 330-21번지,66.89,20180312
1086,20150903,폐업,20150930,대전광역시 서구 도마동 49-10번지,0.0,20150930
1087,20170112,폐업,20180505,대전광역시 서구 변동 73-19번지,21.4,20180505
1088,20170215,폐업,20191213,대전광역시 서구 도마동 168-34번지,87.42,20191213
1089,20160801,폐업,20200408,대전광역시 서구 도마동 50-6번지,31.51,20200408
1090,20160830,폐업,20171226,대전광역시 서구 도마동 328-25번지,22.93,20171226
1091,20160927,폐업,20180104,대전광역시 서구 변동 61-7번지,37.8,20180104
1092,20060613,폐업,20170816,대전광역시 서구 변동 30-1번지 1층,263.33,20170816
1093,20160804,폐업,20170302,대전광역시 서구 도마동 93-8번지,26.04,20170302
1094,20160923,폐업,20170529,대전광역시 서구 도마동 103-11번지,17.86,20170529
1095,20180309,폐업,20190312,대전광역시 서구 도마동 25-2번지,36.75,20190312
1096,20160405,폐업,20161024,대전광역시 서구 도마동 15-1번지,52.92,20161024
1097,20160407,폐업,20160627,대전광역시 서구 도마동 107-27번지,39.6,20160627
1098,20161004,폐업,20170517,대전광역시 서구 도마동 155-41번지,25.0,20170517
1099,20180713,폐업,20191205,대전광역시 서구 변동 41-21번지,34.37,20191205
1100,20060620,폐업,20150819,대전광역시 서구 변동 49-1번지 1층,38.24,20150819
1101,20060621,폐업,20190125,대전광역시 서구 도마동 178-74번지 1층,147.28,20190125
1102,20181207,폐업,20190514,대전광역시 서구 변동 30-7번지,34.86,20190514
