,날짜,영업가게
0,2015-10-15,45
1,2015-10-16,45
2,2015-10-17,45
3,2015-10-18,45
4,2015-10-19,45
5,2015-10-20,45
6,2015-10-21,45
7,2015-10-22,45
8,2015-10-23,45
9,2015-10-24,45
10,2015-10-25,45
11,2015-10-26,45
12,2015-10-27,45
13,2015-10-28,45
14,2015-10-29,45
15,2015-10-30,45
16,2015-10-31,45
17,2015-11-01,45
18,2015-11-02,45
19,2015-11-03,45
20,2015-11-04,45
21,2015-11-05,45
22,2015-11-06,45
23,2015-11-07,45
24,2015-11-08,45
25,2015-11-09,45
26,2015-11-10,45
27,2015-11-11,45
28,2015-11-12,45
29,2015-11-13,45
30,2015-11-14,45
31,2015-11-15,45
32,2015-11-16,45
33,2015-11-17,45
34,2015-11-18,45
35,2015-11-19,45
36,2015-11-20,45
37,2015-11-21,45
38,2015-11-22,45
39,2015-11-23,45
40,2015-11-24,45
41,2015-11-25,45
42,2015-11-26,45
43,2015-11-27,45
44,2015-11-28,45
45,2015-11-29,45
46,2015-11-30,45
47,2015-12-01,45
48,2015-12-02,45
49,2015-12-03,45
50,2015-12-04,45
51,2015-12-05,45
52,2015-12-06,45
53,2015-12-07,45
54,2015-12-08,45
55,2015-12-09,45
56,2015-12-10,45
57,2015-12-11,45
58,2015-12-12,45
59,2015-12-13,45
60,2015-12-14,45
61,2015-12-15,45
62,2015-12-16,45
63,2015-12-17,45
64,2015-12-18,45
65,2015-12-19,45
66,2015-12-20,45
67,2015-12-21,45
68,2015-12-22,45
69,2015-12-23,45
70,2015-12-24,46
71,2015-12-25,46
72,2015-12-26,46
73,2015-12-27,46
74,2015-12-28,46
75,2015-12-29,46
76,2015-12-30,46
77,2015-12-31,46
78,2016-01-01,46
79,2016-01-02,46
80,2016-01-03,46
81,2016-01-04,46
82,2016-01-05,46
83,2016-01-06,46
84,2016-01-07,46
85,2016-01-08,46
86,2016-01-09,46
87,2016-01-10,46
88,2016-01-11,46
89,2016-01-12,46
90,2016-01-13,46
91,2016-01-14,46
92,2016-01-15,46
93,2016-01-16,45
94,2016-01-17,45
95,2016-01-18,45
96,2016-01-19,45
97,2016-01-20,45
98,2016-01-21,45
99,2016-01-22,45
100,2016-01-23,45
101,2016-01-24,45
102,2016-01-25,45
103,2016-01-26,45
104,2016-01-27,45
105,2016-01-28,45
106,2016-01-29,45
107,2016-01-30,45
108,2016-01-31,45
109,2016-02-01,45
110,2016-02-02,45
111,2016-02-03,45
112,2016-02-04,45
113,2016-02-05,45
114,2016-02-06,45
115,2016-02-07,45
116,2016-02-08,45
117,2016-02-09,45
118,2016-02-10,45
119,2016-02-11,45
120,2016-02-12,45
121,2016-02-13,45
122,2016-02-14,45
123,2016-02-15,45
124,2016-02-16,45
125,2016-02-17,45
126,2016-02-18,45
127,2016-02-19,45
128,2016-02-20,45
129,2016-02-21,45
130,2016-02-22,45
131,2016-02-23,45
132,2016-02-24,45
133,2016-02-25,45
134,2016-02-26,45
135,2016-02-27,45
136,2016-02-28,45
137,2016-02-29,45
138,2016-03-01,45
139,2016-03-02,45
140,2016-03-03,45
141,2016-03-04,45
142,2016-03-05,45
143,2016-03-06,45
144,2016-03-07,45
145,2016-03-08,45
146,2016-03-09,45
147,2016-03-10,45
148,2016-03-11,45
149,2016-03-12,45
150,2016-03-13,45
151,2016-03-14,45
152,2016-03-15,45
153,2016-03-16,45
154,2016-03-17,45
155,2016-03-18,45
156,2016-03-19,45
157,2016-03-20,45
158,2016-03-21,45
159,2016-03-22,45
160,2016-03-23,45
161,2016-03-24,45
162,2016-03-25,45
163,2016-03-26,45
164,2016-03-27,45
165,2016-03-28,45
166,2016-03-29,45
167,2016-03-30,45
168,2016-03-31,45
169,2016-04-01,45
170,2016-04-02,45
171,2016-04-03,45
172,2016-04-04,45
173,2016-04-05,45
174,2016-04-06,45
175,2016-04-07,46
176,2016-04-08,46
177,2016-04-09,46
178,2016-04-10,46
179,2016-04-11,46
180,2016-04-12,46
181,2016-04-13,46
182,2016-04-14,47
183,2016-04-15,47
184,2016-04-16,47
185,2016-04-17,47
186,2016-04-18,47
187,2016-04-19,47
188,2016-04-20,47
189,2016-04-21,47
190,2016-04-22,47
191,2016-04-23,47
192,2016-04-24,47
193,2016-04-25,47
194,2016-04-26,47
195,2016-04-27,47
196,2016-04-28,47
197,2016-04-29,47
198,2016-04-30,47
199,2016-05-01,47
200,2016-05-02,47
201,2016-05-03,47
202,2016-05-04,47
203,2016-05-05,47
204,2016-05-06,47
205,2016-05-07,47
206,2016-05-08,47
207,2016-05-09,47
208,2016-05-10,47
209,2016-05-11,47
210,2016-05-12,47
211,2016-05-13,47
212,2016-05-14,47
213,2016-05-15,47
214,2016-05-16,47
215,2016-05-17,47
216,2016-05-18,47
217,2016-05-19,47
218,2016-05-20,47
219,2016-05-21,47
220,2016-05-22,47
221,2016-05-23,47
222,2016-05-24,47
223,2016-05-25,47
224,2016-05-26,47
225,2016-05-27,47
226,2016-05-28,47
227,2016-05-29,47
228,2016-05-30,47
229,2016-05-31,47
230,2016-06-01,47
231,2016-06-02,47
232,2016-06-03,47
233,2016-06-04,47
234,2016-06-05,47
235,2016-06-06,47
236,2016-06-07,47
237,2016-06-08,47
238,2016-06-09,47
239,2016-06-10,47
240,2016-06-11,47
241,2016-06-12,47
242,2016-06-13,47
243,2016-06-14,47
244,2016-06-15,47
245,2016-06-16,47
246,2016-06-17,47
247,2016-06-18,47
248,2016-06-19,47
249,2016-06-20,47
250,2016-06-21,47
251,2016-06-22,47
252,2016-06-23,47
253,2016-06-24,47
254,2016-06-25,47
255,2016-06-26,47
256,2016-06-27,47
257,2016-06-28,46
258,2016-06-29,46
259,2016-06-30,46
260,2016-07-01,46
261,2016-07-02,46
262,2016-07-03,46
263,2016-07-04,46
264,2016-07-05,46
265,2016-07-06,46
266,2016-07-07,46
267,2016-07-08,46
268,2016-07-09,46
269,2016-07-10,46
270,2016-07-11,46
271,2016-07-12,46
272,2016-07-13,46
273,2016-07-14,46
274,2016-07-15,45
275,2016-07-16,45
276,2016-07-17,45
277,2016-07-18,45
278,2016-07-19,45
279,2016-07-20,45
280,2016-07-21,45
281,2016-07-22,45
282,2016-07-23,45
283,2016-07-24,45
284,2016-07-25,45
285,2016-07-26,45
286,2016-07-27,45
287,2016-07-28,45
288,2016-07-29,45
289,2016-07-30,45
290,2016-07-31,45
291,2016-08-01,45
292,2016-08-02,45
293,2016-08-03,44
294,2016-08-04,44
295,2016-08-05,44
296,2016-08-06,44
297,2016-08-07,44
298,2016-08-08,44
299,2016-08-09,44
300,2016-08-10,44
301,2016-08-11,44
302,2016-08-12,44
303,2016-08-13,44
304,2016-08-14,44
305,2016-08-15,44
306,2016-08-16,44
307,2016-08-17,44
308,2016-08-18,44
309,2016-08-19,44
310,2016-08-20,44
311,2016-08-21,44
312,2016-08-22,44
313,2016-08-23,44
314,2016-08-24,44
315,2016-08-25,44
316,2016-08-26,44
317,2016-08-27,44
318,2016-08-28,44
319,2016-08-29,44
320,2016-08-30,44
321,2016-08-31,44
322,2016-09-01,44
323,2016-09-02,44
324,2016-09-03,44
325,2016-09-04,44
326,2016-09-05,44
327,2016-09-06,44
328,2016-09-07,44
329,2016-09-08,44
330,2016-09-09,44
331,2016-09-10,44
332,2016-09-11,44
333,2016-09-12,44
334,2016-09-13,45
335,2016-09-14,45
336,2016-09-15,45
337,2016-09-16,45
338,2016-09-17,45
339,2016-09-18,45
340,2016-09-19,45
341,2016-09-20,45
342,2016-09-21,45
343,2016-09-22,45
344,2016-09-23,45
345,2016-09-24,45
346,2016-09-25,45
347,2016-09-26,45
348,2016-09-27,45
349,2016-09-28,45
350,2016-09-29,45
351,2016-09-30,45
352,2016-10-01,45
353,2016-10-02,45
354,2016-10-03,45
355,2016-10-04,45
356,2016-10-05,45
357,2016-10-06,45
358,2016-10-07,45
359,2016-10-08,45
360,2016-10-09,45
361,2016-10-10,45
362,2016-10-11,45
363,2016-10-12,45
364,2016-10-13,45
365,2016-10-14,45
366,2016-10-15,45
367,2016-10-16,45
368,2016-10-17,45
369,2016-10-18,45
370,2016-10-19,45
371,2016-10-20,45
372,2016-10-21,45
373,2016-10-22,45
374,2016-10-23,45
375,2016-10-24,45
376,2016-10-25,45
377,2016-10-26,45
378,2016-10-27,45
379,2016-10-28,45
380,2016-10-29,45
381,2016-10-30,45
382,2016-10-31,45
383,2016-11-01,45
384,2016-11-02,45
385,2016-11-03,45
386,2016-11-04,45
387,2016-11-05,45
388,2016-11-06,45
389,2016-11-07,45
390,2016-11-08,45
391,2016-11-09,45
392,2016-11-10,45
393,2016-11-11,45
394,2016-11-12,45
395,2016-11-13,45
396,2016-11-14,45
397,2016-11-15,45
398,2016-11-16,45
399,2016-11-17,45
400,2016-11-18,45
401,2016-11-19,45
402,2016-11-20,45
403,2016-11-21,45
404,2016-11-22,45
405,2016-11-23,45
406,2016-11-24,45
407,2016-11-25,45
408,2016-11-26,45
409,2016-11-27,45
410,2016-11-28,45
411,2016-11-29,45
412,2016-11-30,45
413,2016-12-01,45
414,2016-12-02,45
415,2016-12-03,45
416,2016-12-04,45
417,2016-12-05,45
418,2016-12-06,45
419,2016-12-07,45
420,2016-12-08,45
421,2016-12-09,45
422,2016-12-10,45
423,2016-12-11,45
424,2016-12-12,45
425,2016-12-13,45
426,2016-12-14,45
427,2016-12-15,45
428,2016-12-16,45
429,2016-12-17,45
430,2016-12-18,45
431,2016-12-19,45
432,2016-12-20,45
433,2016-12-21,45
434,2016-12-22,45
435,2016-12-23,45
436,2016-12-24,45
437,2016-12-25,45
438,2016-12-26,45
439,2016-12-27,45
440,2016-12-28,45
441,2016-12-29,45
442,2016-12-30,44
443,2016-12-31,44
444,2017-01-01,44
445,2017-01-02,44
446,2017-01-03,44
447,2017-01-04,44
448,2017-01-05,44
449,2017-01-06,44
450,2017-01-07,44
451,2017-01-08,44
452,2017-01-09,44
453,2017-01-10,44
454,2017-01-11,44
455,2017-01-12,44
456,2017-01-13,44
457,2017-01-14,44
458,2017-01-15,44
459,2017-01-16,44
460,2017-01-17,44
461,2017-01-18,44
462,2017-01-19,44
463,2017-01-20,44
464,2017-01-21,44
465,2017-01-22,44
466,2017-01-23,44
467,2017-01-24,44
468,2017-01-25,44
469,2017-01-26,44
470,2017-01-27,44
471,2017-01-28,44
472,2017-01-29,44
473,2017-01-30,44
474,2017-01-31,44
475,2017-02-01,44
476,2017-02-02,44
477,2017-02-03,44
478,2017-02-04,44
479,2017-02-05,44
480,2017-02-06,44
481,2017-02-07,44
482,2017-02-08,44
483,2017-02-09,44
484,2017-02-10,44
485,2017-02-11,44
486,2017-02-12,44
487,2017-02-13,44
488,2017-02-14,44
489,2017-02-15,44
490,2017-02-16,44
491,2017-02-17,44
492,2017-02-18,44
493,2017-02-19,44
494,2017-02-20,44
495,2017-02-21,44
496,2017-02-22,44
497,2017-02-23,44
498,2017-02-24,44
499,2017-02-25,44
500,2017-02-26,44
501,2017-02-27,44
502,2017-02-28,44
503,2017-03-01,44
504,2017-03-02,44
505,2017-03-03,44
506,2017-03-04,44
507,2017-03-05,44
508,2017-03-06,44
509,2017-03-07,44
510,2017-03-08,44
511,2017-03-09,44
512,2017-03-10,44
513,2017-03-11,44
514,2017-03-12,44
515,2017-03-13,44
516,2017-03-14,44
517,2017-03-15,44
518,2017-03-16,44
519,2017-03-17,44
520,2017-03-18,44
521,2017-03-19,44
522,2017-03-20,44
523,2017-03-21,44
524,2017-03-22,44
525,2017-03-23,44
526,2017-03-24,44
527,2017-03-25,44
528,2017-03-26,44
529,2017-03-27,44
530,2017-03-28,44
531,2017-03-29,42
532,2017-03-30,42
533,2017-03-31,41
534,2017-04-01,41
535,2017-04-02,41
536,2017-04-03,41
537,2017-04-04,42
538,2017-04-05,42
539,2017-04-06,42
540,2017-04-07,42
541,2017-04-08,42
542,2017-04-09,42
543,2017-04-10,42
544,2017-04-11,42
545,2017-04-12,42
546,2017-04-13,42
547,2017-04-14,42
548,2017-04-15,42
549,2017-04-16,42
550,2017-04-17,42
551,2017-04-18,42
552,2017-04-19,42
553,2017-04-20,42
554,2017-04-21,42
555,2017-04-22,42
556,2017-04-23,42
557,2017-04-24,42
558,2017-04-25,42
559,2017-04-26,42
560,2017-04-27,42
561,2017-04-28,42
562,2017-04-29,42
563,2017-04-30,42
564,2017-05-01,42
565,2017-05-02,42
566,2017-05-03,42
567,2017-05-04,42
568,2017-05-05,42
569,2017-05-06,42
570,2017-05-07,42
571,2017-05-08,42
572,2017-05-09,42
573,2017-05-10,42
574,2017-05-11,42
575,2017-05-12,42
576,2017-05-13,42
577,2017-05-14,42
578,2017-05-15,42
579,2017-05-16,41
580,2017-05-17,41
581,2017-05-18,41
582,2017-05-19,41
583,2017-05-20,41
584,2017-05-21,41
585,2017-05-22,41
586,2017-05-23,41
587,2017-05-24,41
588,2017-05-25,41
589,2017-05-26,41
590,2017-05-27,41
591,2017-05-28,41
592,2017-05-29,41
593,2017-05-30,41
594,2017-05-31,41
595,2017-06-01,41
596,2017-06-02,41
597,2017-06-03,41
598,2017-06-04,41
599,2017-06-05,41
600,2017-06-06,41
601,2017-06-07,41
602,2017-06-08,41
603,2017-06-09,41
604,2017-06-10,41
605,2017-06-11,41
606,2017-06-12,41
607,2017-06-13,41
608,2017-06-14,41
609,2017-06-15,41
610,2017-06-16,41
611,2017-06-17,41
612,2017-06-18,41
613,2017-06-19,41
614,2017-06-20,41
615,2017-06-21,41
616,2017-06-22,41
617,2017-06-23,41
618,2017-06-24,41
619,2017-06-25,41
620,2017-06-26,41
621,2017-06-27,41
622,2017-06-28,41
623,2017-06-29,41
624,2017-06-30,41
625,2017-07-01,41
626,2017-07-02,41
627,2017-07-03,41
628,2017-07-04,41
629,2017-07-05,41
630,2017-07-06,41
631,2017-07-07,41
632,2017-07-08,41
633,2017-07-09,41
634,2017-07-10,41
635,2017-07-11,41
636,2017-07-12,41
637,2017-07-13,41
638,2017-07-14,41
639,2017-07-15,41
640,2017-07-16,41
641,2017-07-17,41
642,2017-07-18,41
643,2017-07-19,41
644,2017-07-20,41
645,2017-07-21,41
646,2017-07-22,41
647,2017-07-23,41
648,2017-07-24,41
649,2017-07-25,41
650,2017-07-26,41
651,2017-07-27,41
652,2017-07-28,41
653,2017-07-29,41
654,2017-07-30,41
655,2017-07-31,41
656,2017-08-01,41
657,2017-08-02,41
658,2017-08-03,41
659,2017-08-04,41
660,2017-08-05,41
661,2017-08-06,41
662,2017-08-07,41
663,2017-08-08,41
664,2017-08-09,41
665,2017-08-10,40
666,2017-08-11,40
667,2017-08-12,40
668,2017-08-13,40
669,2017-08-14,40
670,2017-08-15,40
671,2017-08-16,40
672,2017-08-17,38
673,2017-08-18,38
674,2017-08-19,38
675,2017-08-20,38
676,2017-08-21,38
677,2017-08-22,38
678,2017-08-23,38
679,2017-08-24,38
680,2017-08-25,38
681,2017-08-26,38
682,2017-08-27,38
683,2017-08-28,38
684,2017-08-29,38
685,2017-08-30,38
686,2017-08-31,38
687,2017-09-01,38
688,2017-09-02,37
689,2017-09-03,37
690,2017-09-04,37
691,2017-09-05,37
692,2017-09-06,37
693,2017-09-07,37
694,2017-09-08,37
695,2017-09-09,37
696,2017-09-10,37
697,2017-09-11,37
698,2017-09-12,37
699,2017-09-13,37
700,2017-09-14,37
701,2017-09-15,37
702,2017-09-16,37
703,2017-09-17,37
704,2017-09-18,37
705,2017-09-19,37
706,2017-09-20,37
707,2017-09-21,37
708,2017-09-22,37
709,2017-09-23,37
710,2017-09-24,37
711,2017-09-25,37
712,2017-09-26,37
713,2017-09-27,37
714,2017-09-28,37
715,2017-09-29,37
716,2017-09-30,37
717,2017-10-01,37
718,2017-10-02,37
719,2017-10-03,37
720,2017-10-04,37
721,2017-10-05,37
722,2017-10-06,37
723,2017-10-07,37
724,2017-10-08,37
725,2017-10-09,37
726,2017-10-10,37
727,2017-10-11,37
728,2017-10-12,37
729,2017-10-13,37
730,2017-10-14,37
731,2017-10-15,37
732,2017-10-16,37
733,2017-10-17,37
734,2017-10-18,37
735,2017-10-19,37
736,2017-10-20,37
737,2017-10-21,37
738,2017-10-22,37
739,2017-10-23,37
740,2017-10-24,37
741,2017-10-25,37
742,2017-10-26,37
743,2017-10-27,37
744,2017-10-28,37
745,2017-10-29,37
746,2017-10-30,37
747,2017-10-31,37
748,2017-11-01,37
749,2017-11-02,37
750,2017-11-03,37
751,2017-11-04,37
752,2017-11-05,37
753,2017-11-06,37
754,2017-11-07,37
755,2017-11-08,37
756,2017-11-09,37
757,2017-11-10,37
758,2017-11-11,37
759,2017-11-12,37
760,2017-11-13,37
761,2017-11-14,37
762,2017-11-15,37
763,2017-11-16,37
764,2017-11-17,37
765,2017-11-18,37
766,2017-11-19,37
767,2017-11-20,37
768,2017-11-21,37
769,2017-11-22,37
770,2017-11-23,37
771,2017-11-24,37
772,2017-11-25,37
773,2017-11-26,37
774,2017-11-27,37
775,2017-11-28,37
776,2017-11-29,37
777,2017-11-30,37
778,2017-12-01,37
779,2017-12-02,37
780,2017-12-03,37
781,2017-12-04,37
782,2017-12-05,37
783,2017-12-06,37
784,2017-12-07,37
785,2017-12-08,37
786,2017-12-09,37
787,2017-12-10,37
788,2017-12-11,37
789,2017-12-12,37
790,2017-12-13,37
791,2017-12-14,37
792,2017-12-15,37
793,2017-12-16,37
794,2017-12-17,37
795,2017-12-18,37
796,2017-12-19,37
797,2017-12-20,37
798,2017-12-21,37
799,2017-12-22,37
800,2017-12-23,37
801,2017-12-24,37
802,2017-12-25,37
803,2017-12-26,37
804,2017-12-27,37
805,2017-12-28,37
806,2017-12-29,37
807,2017-12-30,37
808,2017-12-31,37
809,2018-01-01,37
810,2018-01-02,37
811,2018-01-03,37
812,2018-01-04,37
813,2018-01-05,37
814,2018-01-06,37
815,2018-01-07,37
816,2018-01-08,37
817,2018-01-09,37
818,2018-01-10,37
819,2018-01-11,37
820,2018-01-12,37
821,2018-01-13,37
822,2018-01-14,37
823,2018-01-15,37
824,2018-01-16,37
825,2018-01-17,37
826,2018-01-18,37
827,2018-01-19,37
828,2018-01-20,37
829,2018-01-21,37
830,2018-01-22,37
831,2018-01-23,37
832,2018-01-24,37
833,2018-01-25,37
834,2018-01-26,37
835,2018-01-27,37
836,2018-01-28,37
837,2018-01-29,37
838,2018-01-30,37
839,2018-01-31,37
840,2018-02-01,37
841,2018-02-02,37
842,2018-02-03,37
843,2018-02-04,37
844,2018-02-05,37
845,2018-02-06,37
846,2018-02-07,37
847,2018-02-08,37
848,2018-02-09,37
849,2018-02-10,37
850,2018-02-11,37
851,2018-02-12,37
852,2018-02-13,37
853,2018-02-14,37
854,2018-02-15,37
855,2018-02-16,37
856,2018-02-17,37
857,2018-02-18,37
858,2018-02-19,37
859,2018-02-20,37
860,2018-02-21,37
861,2018-02-22,37
862,2018-02-23,37
863,2018-02-24,37
864,2018-02-25,37
865,2018-02-26,37
866,2018-02-27,37
867,2018-02-28,37
868,2018-03-01,37
869,2018-03-02,37
870,2018-03-03,37
871,2018-03-04,37
872,2018-03-05,37
873,2018-03-06,37
874,2018-03-07,37
875,2018-03-08,37
876,2018-03-09,37
877,2018-03-10,37
878,2018-03-11,37
879,2018-03-12,37
880,2018-03-13,37
881,2018-03-14,37
882,2018-03-15,37
883,2018-03-16,37
884,2018-03-17,37
885,2018-03-18,37
886,2018-03-19,37
887,2018-03-20,37
888,2018-03-21,37
889,2018-03-22,37
890,2018-03-23,37
891,2018-03-24,37
892,2018-03-25,37
893,2018-03-26,37
894,2018-03-27,37
895,2018-03-28,37
896,2018-03-29,37
897,2018-03-30,37
898,2018-03-31,37
899,2018-04-01,37
900,2018-04-02,37
901,2018-04-03,37
902,2018-04-04,37
903,2018-04-05,37
904,2018-04-06,37
905,2018-04-07,37
906,2018-04-08,37
907,2018-04-09,37
908,2018-04-10,37
909,2018-04-11,36
910,2018-04-12,36
911,2018-04-13,36
912,2018-04-14,36
913,2018-04-15,36
914,2018-04-16,36
915,2018-04-17,36
916,2018-04-18,36
917,2018-04-19,35
918,2018-04-20,35
919,2018-04-21,35
920,2018-04-22,35
921,2018-04-23,35
922,2018-04-24,35
923,2018-04-25,35
924,2018-04-26,35
925,2018-04-27,35
926,2018-04-28,35
927,2018-04-29,35
928,2018-04-30,35
929,2018-05-01,35
930,2018-05-02,35
931,2018-05-03,35
932,2018-05-04,35
933,2018-05-05,35
934,2018-05-06,35
935,2018-05-07,35
936,2018-05-08,35
937,2018-05-09,35
938,2018-05-10,35
939,2018-05-11,35
940,2018-05-12,35
941,2018-05-13,35
942,2018-05-14,35
943,2018-05-15,35
944,2018-05-16,35
945,2018-05-17,35
946,2018-05-18,35
947,2018-05-19,35
948,2018-05-20,35
949,2018-05-21,35
950,2018-05-22,35
951,2018-05-23,35
952,2018-05-24,35
953,2018-05-25,35
954,2018-05-26,35
955,2018-05-27,35
956,2018-05-28,35
957,2018-05-29,35
958,2018-05-30,35
959,2018-05-31,35
960,2018-06-01,35
961,2018-06-02,35
962,2018-06-03,35
963,2018-06-04,35
964,2018-06-05,35
965,2018-06-06,35
966,2018-06-07,35
967,2018-06-08,35
968,2018-06-09,35
969,2018-06-10,35
970,2018-06-11,35
971,2018-06-12,35
972,2018-06-13,35
973,2018-06-14,35
974,2018-06-15,35
975,2018-06-16,35
976,2018-06-17,35
977,2018-06-18,35
978,2018-06-19,35
979,2018-06-20,35
980,2018-06-21,35
981,2018-06-22,35
982,2018-06-23,35
983,2018-06-24,35
984,2018-06-25,35
985,2018-06-26,35
986,2018-06-27,35
987,2018-06-28,35
988,2018-06-29,34
989,2018-06-30,34
990,2018-07-01,34
991,2018-07-02,34
992,2018-07-03,34
993,2018-07-04,34
994,2018-07-05,34
995,2018-07-06,34
996,2018-07-07,34
997,2018-07-08,34
998,2018-07-09,34
999,2018-07-10,34
1000,2018-07-11,34
1001,2018-07-12,34
1002,2018-07-13,34
1003,2018-07-14,34
1004,2018-07-15,34
1005,2018-07-16,34
1006,2018-07-17,34
1007,2018-07-18,34
1008,2018-07-19,34
1009,2018-07-20,34
1010,2018-07-21,34
1011,2018-07-22,34
1012,2018-07-23,34
1013,2018-07-24,34
1014,2018-07-25,34
1015,2018-07-26,34
1016,2018-07-27,34
1017,2018-07-28,34
1018,2018-07-29,34
1019,2018-07-30,34
1020,2018-07-31,34
1021,2018-08-01,34
1022,2018-08-02,34
1023,2018-08-03,34
1024,2018-08-04,34
1025,2018-08-05,34
1026,2018-08-06,34
1027,2018-08-07,34
1028,2018-08-08,34
1029,2018-08-09,34
1030,2018-08-10,34
1031,2018-08-11,34
1032,2018-08-12,34
1033,2018-08-13,34
1034,2018-08-14,34
1035,2018-08-15,33
1036,2018-08-16,33
1037,2018-08-17,33
1038,2018-08-18,33
1039,2018-08-19,33
1040,2018-08-20,33
1041,2018-08-21,33
1042,2018-08-22,33
1043,2018-08-23,33
1044,2018-08-24,33
1045,2018-08-25,33
1046,2018-08-26,33
1047,2018-08-27,33
1048,2018-08-28,33
1049,2018-08-29,33
1050,2018-08-30,33
1051,2018-08-31,33
1052,2018-09-01,33
1053,2018-09-02,33
1054,2018-09-03,33
1055,2018-09-04,33
1056,2018-09-05,33
1057,2018-09-06,33
1058,2018-09-07,33
1059,2018-09-08,32
1060,2018-09-09,32
1061,2018-09-10,32
1062,2018-09-11,32
1063,2018-09-12,32
1064,2018-09-13,32
1065,2018-09-14,32
1066,2018-09-15,32
1067,2018-09-16,32
1068,2018-09-17,32
1069,2018-09-18,32
1070,2018-09-19,32
1071,2018-09-20,32
1072,2018-09-21,32
1073,2018-09-22,32
1074,2018-09-23,32
1075,2018-09-24,32
1076,2018-09-25,32
1077,2018-09-26,32
1078,2018-09-27,32
1079,2018-09-28,32
1080,2018-09-29,32
1081,2018-09-30,32
1082,2018-10-01,32
1083,2018-10-02,32
1084,2018-10-03,32
1085,2018-10-04,32
1086,2018-10-05,32
1087,2018-10-06,32
1088,2018-10-07,32
1089,2018-10-08,32
1090,2018-10-09,32
1091,2018-10-10,32
1092,2018-10-11,32
1093,2018-10-12,32
1094,2018-10-13,32
1095,2018-10-14,32
1096,2018-10-15,32
1097,2018-10-16,32
1098,2018-10-17,32
1099,2018-10-18,32
1100,2018-10-19,32
1101,2018-10-20,32
1102,2018-10-21,32
1103,2018-10-22,32
1104,2018-10-23,31
1105,2018-10-24,31
1106,2018-10-25,31
1107,2018-10-26,31
1108,2018-10-27,31
1109,2018-10-28,31
1110,2018-10-29,31
1111,2018-10-30,31
1112,2018-10-31,31
1113,2018-11-01,31
1114,2018-11-02,31
1115,2018-11-03,31
1116,2018-11-04,31
1117,2018-11-05,31
1118,2018-11-06,31
1119,2018-11-07,31
1120,2018-11-08,31
1121,2018-11-09,31
1122,2018-11-10,31
1123,2018-11-11,31
1124,2018-11-12,31
1125,2018-11-13,31
1126,2018-11-14,31
1127,2018-11-15,31
1128,2018-11-16,31
1129,2018-11-17,31
1130,2018-11-18,31
1131,2018-11-19,31
1132,2018-11-20,31
1133,2018-11-21,31
1134,2018-11-22,31
1135,2018-11-23,31
1136,2018-11-24,31
1137,2018-11-25,31
1138,2018-11-26,31
1139,2018-11-27,31
1140,2018-11-28,31
1141,2018-11-29,31
1142,2018-11-30,31
1143,2018-12-01,31
1144,2018-12-02,31
1145,2018-12-03,31
1146,2018-12-04,31
1147,2018-12-05,31
1148,2018-12-06,31
1149,2018-12-07,31
1150,2018-12-08,31
1151,2018-12-09,31
1152,2018-12-10,31
1153,2018-12-11,31
1154,2018-12-12,31
1155,2018-12-13,31
1156,2018-12-14,31
1157,2018-12-15,31
1158,2018-12-16,31
1159,2018-12-17,31
1160,2018-12-18,31
1161,2018-12-19,31
1162,2018-12-20,31
1163,2018-12-21,31
1164,2018-12-22,31
1165,2018-12-23,31
1166,2018-12-24,31
1167,2018-12-25,31
1168,2018-12-26,31
1169,2018-12-27,31
1170,2018-12-28,31
1171,2018-12-29,31
1172,2018-12-30,31
1173,2018-12-31,31
1174,2019-01-01,31
1175,2019-01-02,31
1176,2019-01-03,31
1177,2019-01-04,31
1178,2019-01-05,31
1179,2019-01-06,31
1180,2019-01-07,31
1181,2019-01-08,31
1182,2019-01-09,31
1183,2019-01-10,31
1184,2019-01-11,31
1185,2019-01-12,31
1186,2019-01-13,31
1187,2019-01-14,31
1188,2019-01-15,31
1189,2019-01-16,31
1190,2019-01-17,31
1191,2019-01-18,31
1192,2019-01-19,31
1193,2019-01-20,31
1194,2019-01-21,31
1195,2019-01-22,31
1196,2019-01-23,31
1197,2019-01-24,31
1198,2019-01-25,31
1199,2019-01-26,31
1200,2019-01-27,31
1201,2019-01-28,31
1202,2019-01-29,31
1203,2019-01-30,31
1204,2019-01-31,31
1205,2019-02-01,31
1206,2019-02-02,31
1207,2019-02-03,31
1208,2019-02-04,31
1209,2019-02-05,31
1210,2019-02-06,31
1211,2019-02-07,31
1212,2019-02-08,31
1213,2019-02-09,31
1214,2019-02-10,31
1215,2019-02-11,31
1216,2019-02-12,31
1217,2019-02-13,31
1218,2019-02-14,31
1219,2019-02-15,31
1220,2019-02-16,31
1221,2019-02-17,31
1222,2019-02-18,31
1223,2019-02-19,31
1224,2019-02-20,31
1225,2019-02-21,31
1226,2019-02-22,31
1227,2019-02-23,31
1228,2019-02-24,31
1229,2019-02-25,31
1230,2019-02-26,31
1231,2019-02-27,31
1232,2019-02-28,31
1233,2019-03-01,31
1234,2019-03-02,31
1235,2019-03-03,31
1236,2019-03-04,31
1237,2019-03-05,31
1238,2019-03-06,31
1239,2019-03-07,31
1240,2019-03-08,31
1241,2019-03-09,31
1242,2019-03-10,31
1243,2019-03-11,31
1244,2019-03-12,31
1245,2019-03-13,31
1246,2019-03-14,31
1247,2019-03-15,31
1248,2019-03-16,31
1249,2019-03-17,31
1250,2019-03-18,31
1251,2019-03-19,31
1252,2019-03-20,31
1253,2019-03-21,31
1254,2019-03-22,31
1255,2019-03-23,31
1256,2019-03-24,31
1257,2019-03-25,31
1258,2019-03-26,31
1259,2019-03-27,31
1260,2019-03-28,31
1261,2019-03-29,31
1262,2019-03-30,31
1263,2019-03-31,31
1264,2019-04-01,31
1265,2019-04-02,31
1266,2019-04-03,31
1267,2019-04-04,31
1268,2019-04-05,31
1269,2019-04-06,31
1270,2019-04-07,31
1271,2019-04-08,31
1272,2019-04-09,31
1273,2019-04-10,31
1274,2019-04-11,32
1275,2019-04-12,32
1276,2019-04-13,32
1277,2019-04-14,32
1278,2019-04-15,32
1279,2019-04-16,32
1280,2019-04-17,32
1281,2019-04-18,32
1282,2019-04-19,32
1283,2019-04-20,32
1284,2019-04-21,32
1285,2019-04-22,32
1286,2019-04-23,33
1287,2019-04-24,32
1288,2019-04-25,32
1289,2019-04-26,32
1290,2019-04-27,32
1291,2019-04-28,32
1292,2019-04-29,32
1293,2019-04-30,32
1294,2019-05-01,32
1295,2019-05-02,32
1296,2019-05-03,32
1297,2019-05-04,32
1298,2019-05-05,32
1299,2019-05-06,32
1300,2019-05-07,32
1301,2019-05-08,32
1302,2019-05-09,32
1303,2019-05-10,32
1304,2019-05-11,32
1305,2019-05-12,32
1306,2019-05-13,32
1307,2019-05-14,32
1308,2019-05-15,32
1309,2019-05-16,32
1310,2019-05-17,32
1311,2019-05-18,32
1312,2019-05-19,32
1313,2019-05-20,32
1314,2019-05-21,32
1315,2019-05-22,32
1316,2019-05-23,32
1317,2019-05-24,32
1318,2019-05-25,32
1319,2019-05-26,32
1320,2019-05-27,32
1321,2019-05-28,32
1322,2019-05-29,32
1323,2019-05-30,32
1324,2019-05-31,32
1325,2019-06-01,32
1326,2019-06-02,32
1327,2019-06-03,32
1328,2019-06-04,32
1329,2019-06-05,32
1330,2019-06-06,32
1331,2019-06-07,32
1332,2019-06-08,32
1333,2019-06-09,32
1334,2019-06-10,32
1335,2019-06-11,32
1336,2019-06-12,32
1337,2019-06-13,32
1338,2019-06-14,32
1339,2019-06-15,32
1340,2019-06-16,32
1341,2019-06-17,32
1342,2019-06-18,32
1343,2019-06-19,33
1344,2019-06-20,33
1345,2019-06-21,33
1346,2019-06-22,33
1347,2019-06-23,33
1348,2019-06-24,33
1349,2019-06-25,33
1350,2019-06-26,33
1351,2019-06-27,33
1352,2019-06-28,33
1353,2019-06-29,33
1354,2019-06-30,33
1355,2019-07-01,33
1356,2019-07-02,33
1357,2019-07-03,33
1358,2019-07-04,33
1359,2019-07-05,33
1360,2019-07-06,33
1361,2019-07-07,33
1362,2019-07-08,33
1363,2019-07-09,33
1364,2019-07-10,33
1365,2019-07-11,33
1366,2019-07-12,32
1367,2019-07-13,32
1368,2019-07-14,32
1369,2019-07-15,32
1370,2019-07-16,32
1371,2019-07-17,32
1372,2019-07-18,32
1373,2019-07-19,32
1374,2019-07-20,32
1375,2019-07-21,32
1376,2019-07-22,32
1377,2019-07-23,32
1378,2019-07-24,32
1379,2019-07-25,32
1380,2019-07-26,32
1381,2019-07-27,32
1382,2019-07-28,32
1383,2019-07-29,32
1384,2019-07-30,32
1385,2019-07-31,32
1386,2019-08-01,32
1387,2019-08-02,32
1388,2019-08-03,32
1389,2019-08-04,32
1390,2019-08-05,32
1391,2019-08-06,32
1392,2019-08-07,32
1393,2019-08-08,32
1394,2019-08-09,32
1395,2019-08-10,32
1396,2019-08-11,32
1397,2019-08-12,32
1398,2019-08-13,32
1399,2019-08-14,32
1400,2019-08-15,32
1401,2019-08-16,32
1402,2019-08-17,32
1403,2019-08-18,32
1404,2019-08-19,32
1405,2019-08-20,32
1406,2019-08-21,32
1407,2019-08-22,32
1408,2019-08-23,32
1409,2019-08-24,32
1410,2019-08-25,32
1411,2019-08-26,32
1412,2019-08-27,32
1413,2019-08-28,32
1414,2019-08-29,32
1415,2019-08-30,32
1416,2019-08-31,32
1417,2019-09-01,32
1418,2019-09-02,32
1419,2019-09-03,32
1420,2019-09-04,32
1421,2019-09-05,32
1422,2019-09-06,32
1423,2019-09-07,32
1424,2019-09-08,32
1425,2019-09-09,32
1426,2019-09-10,32
1427,2019-09-11,32
1428,2019-09-12,32
1429,2019-09-13,32
1430,2019-09-14,32
1431,2019-09-15,32
1432,2019-09-16,32
1433,2019-09-17,32
1434,2019-09-18,32
1435,2019-09-19,32
1436,2019-09-20,32
1437,2019-09-21,32
1438,2019-09-22,32
1439,2019-09-23,32
1440,2019-09-24,32
1441,2019-09-25,32
1442,2019-09-26,32
1443,2019-09-27,32
1444,2019-09-28,32
1445,2019-09-29,32
1446,2019-09-30,32
1447,2019-10-01,32
1448,2019-10-02,32
1449,2019-10-03,32
1450,2019-10-04,32
1451,2019-10-05,32
1452,2019-10-06,32
1453,2019-10-07,32
1454,2019-10-08,32
1455,2019-10-09,32
1456,2019-10-10,32
1457,2019-10-11,32
1458,2019-10-12,32
1459,2019-10-13,32
1460,2019-10-14,32
1461,2019-10-15,32
1462,2019-10-16,32
1463,2019-10-17,32
1464,2019-10-18,32
1465,2019-10-19,32
1466,2019-10-20,32
1467,2019-10-21,32
1468,2019-10-22,32
1469,2019-10-23,32
1470,2019-10-24,32
1471,2019-10-25,32
1472,2019-10-26,32
1473,2019-10-27,32
1474,2019-10-28,32
1475,2019-10-29,32
1476,2019-10-30,32
1477,2019-10-31,32
1478,2019-11-01,32
1479,2019-11-02,32
1480,2019-11-03,32
1481,2019-11-04,32
1482,2019-11-05,32
1483,2019-11-06,32
1484,2019-11-07,32
1485,2019-11-08,32
1486,2019-11-09,32
1487,2019-11-10,32
1488,2019-11-11,32
1489,2019-11-12,32
1490,2019-11-13,32
1491,2019-11-14,32
1492,2019-11-15,32
1493,2019-11-16,32
1494,2019-11-17,32
1495,2019-11-18,32
1496,2019-11-19,32
1497,2019-11-20,32
1498,2019-11-21,32
1499,2019-11-22,32
1500,2019-11-23,32
1501,2019-11-24,32
1502,2019-11-25,32
1503,2019-11-26,32
1504,2019-11-27,32
1505,2019-11-28,32
1506,2019-11-29,32
1507,2019-11-30,32
1508,2019-12-01,32
1509,2019-12-02,32
1510,2019-12-03,32
1511,2019-12-04,32
1512,2019-12-05,32
1513,2019-12-06,32
1514,2019-12-07,32
1515,2019-12-08,32
1516,2019-12-09,32
1517,2019-12-10,32
1518,2019-12-11,32
1519,2019-12-12,32
1520,2019-12-13,32
1521,2019-12-14,32
1522,2019-12-15,32
1523,2019-12-16,32
1524,2019-12-17,32
1525,2019-12-18,32
1526,2019-12-19,32
1527,2019-12-20,32
1528,2019-12-21,31
1529,2019-12-22,31
1530,2019-12-23,31
1531,2019-12-24,31
1532,2019-12-25,31
1533,2019-12-26,31
1534,2019-12-27,31
1535,2019-12-28,30
1536,2019-12-29,30
1537,2019-12-30,30
1538,2019-12-31,30
1539,2020-01-01,30
1540,2020-01-02,30
1541,2020-01-03,30
1542,2020-01-04,30
1543,2020-01-05,30
1544,2020-01-06,30
1545,2020-01-07,30
1546,2020-01-08,30
1547,2020-01-09,30
1548,2020-01-10,30
1549,2020-01-11,30
1550,2020-01-12,30
1551,2020-01-13,30
1552,2020-01-14,30
1553,2020-01-15,30
1554,2020-01-16,30
1555,2020-01-17,30
1556,2020-01-18,30
1557,2020-01-19,30
1558,2020-01-20,30
1559,2020-01-21,30
1560,2020-01-22,30
1561,2020-01-23,30
1562,2020-01-24,30
1563,2020-01-25,30
1564,2020-01-26,30
1565,2020-01-27,30
1566,2020-01-28,30
1567,2020-01-29,30
1568,2020-01-30,30
1569,2020-01-31,30
1570,2020-02-01,30
1571,2020-02-02,30
1572,2020-02-03,30
1573,2020-02-04,30
1574,2020-02-05,30
1575,2020-02-06,30
1576,2020-02-07,30
1577,2020-02-08,30
1578,2020-02-09,30
1579,2020-02-10,30
1580,2020-02-11,30
1581,2020-02-12,30
1582,2020-02-13,30
1583,2020-02-14,30
1584,2020-02-15,30
1585,2020-02-16,30
1586,2020-02-17,30
1587,2020-02-18,30
1588,2020-02-19,30
1589,2020-02-20,30
1590,2020-02-21,30
1591,2020-02-22,30
1592,2020-02-23,30
1593,2020-02-24,30
1594,2020-02-25,30
1595,2020-02-26,30
1596,2020-02-27,30
1597,2020-02-28,30
1598,2020-02-29,30
1599,2020-03-01,30
1600,2020-03-02,30
1601,2020-03-03,30
1602,2020-03-04,30
1603,2020-03-05,30
1604,2020-03-06,29
1605,2020-03-07,29
1606,2020-03-08,29
1607,2020-03-09,29
1608,2020-03-10,29
1609,2020-03-11,29
1610,2020-03-12,29
1611,2020-03-13,29
1612,2020-03-14,29
1613,2020-03-15,29
1614,2020-03-16,29
1615,2020-03-17,29
1616,2020-03-18,29
1617,2020-03-19,29
1618,2020-03-20,29
1619,2020-03-21,29
1620,2020-03-22,29
1621,2020-03-23,29
1622,2020-03-24,29
1623,2020-03-25,29
1624,2020-03-26,29
1625,2020-03-27,29
1626,2020-03-28,29
1627,2020-03-29,29
1628,2020-03-30,29
1629,2020-03-31,29
1630,2020-04-01,29
1631,2020-04-02,29
1632,2020-04-03,29
1633,2020-04-04,29
1634,2020-04-05,29
1635,2020-04-06,29
1636,2020-04-07,29
1637,2020-04-08,29
1638,2020-04-09,29
1639,2020-04-10,29
1640,2020-04-11,29
1641,2020-04-12,29
1642,2020-04-13,29
1643,2020-04-14,29
1644,2020-04-15,29
1645,2020-04-16,29
1646,2020-04-17,29
1647,2020-04-18,29
1648,2020-04-19,29
1649,2020-04-20,29
1650,2020-04-21,29
1651,2020-04-22,29
1652,2020-04-23,29
1653,2020-04-24,29
1654,2020-04-25,29
1655,2020-04-26,29
1656,2020-04-27,29
1657,2020-04-28,29
1658,2020-04-29,29
1659,2020-04-30,29
1660,2020-05-01,29
1661,2020-05-02,29
1662,2020-05-03,29
1663,2020-05-04,29
1664,2020-05-05,29
1665,2020-05-06,29
1666,2020-05-07,29
1667,2020-05-08,29
1668,2020-05-09,29
1669,2020-05-10,29
1670,2020-05-11,30
1671,2020-05-12,30
1672,2020-05-13,30
1673,2020-05-14,30
1674,2020-05-15,30
1675,2020-05-16,30
1676,2020-05-17,30
1677,2020-05-18,30
1678,2020-05-19,30
1679,2020-05-20,30
1680,2020-05-21,30
1681,2020-05-22,30
1682,2020-05-23,30
1683,2020-05-24,30
1684,2020-05-25,30
1685,2020-05-26,30
1686,2020-05-27,30
1687,2020-05-28,30
1688,2020-05-29,30
1689,2020-05-30,30
1690,2020-05-31,30
1691,2020-06-01,31
1692,2020-06-02,31
1693,2020-06-03,31
1694,2020-06-04,31
1695,2020-06-05,31
1696,2020-06-06,31
1697,2020-06-07,31
1698,2020-06-08,31
1699,2020-06-09,31
1700,2020-06-10,31
1701,2020-06-11,31
1702,2020-06-12,31
1703,2020-06-13,31
1704,2020-06-14,31
1705,2020-06-15,31
1706,2020-06-16,31
1707,2020-06-17,31
1708,2020-06-18,31
1709,2020-06-19,31
1710,2020-06-20,31
1711,2020-06-21,31
1712,2020-06-22,31
1713,2020-06-23,31
1714,2020-06-24,31
1715,2020-06-25,31
1716,2020-06-26,31
1717,2020-06-27,31
1718,2020-06-28,31
1719,2020-06-29,31
1720,2020-06-30,31
1721,2020-07-01,31
1722,2020-07-02,31
1723,2020-07-03,31
1724,2020-07-04,31
1725,2020-07-05,31
1726,2020-07-06,31
1727,2020-07-07,31
1728,2020-07-08,31
1729,2020-07-09,31
1730,2020-07-10,31
1731,2020-07-11,31
1732,2020-07-12,31
1733,2020-07-13,31
1734,2020-07-14,31
1735,2020-07-15,31
1736,2020-07-16,31
1737,2020-07-17,31
1738,2020-07-18,30
1739,2020-07-19,30
1740,2020-07-20,30
1741,2020-07-21,30
1742,2020-07-22,30
1743,2020-07-23,30
1744,2020-07-24,30
1745,2020-07-25,30
1746,2020-07-26,30
1747,2020-07-27,30
1748,2020-07-28,31
1749,2020-07-29,31
1750,2020-07-30,31
1751,2020-07-31,31
1752,2020-08-01,31
1753,2020-08-02,31
1754,2020-08-03,31
1755,2020-08-04,31
1756,2020-08-05,31
1757,2020-08-06,31
1758,2020-08-07,31
1759,2020-08-08,31
1760,2020-08-09,31
1761,2020-08-10,31
1762,2020-08-11,31
1763,2020-08-12,31
1764,2020-08-13,31
1765,2020-08-14,31
1766,2020-08-15,31
1767,2020-08-16,31
1768,2020-08-17,31
1769,2020-08-18,31
1770,2020-08-19,31
1771,2020-08-20,31
1772,2020-08-21,31
1773,2020-08-22,31
1774,2020-08-23,31
1775,2020-08-24,31
1776,2020-08-25,31
1777,2020-08-26,31
1778,2020-08-27,31
1779,2020-08-28,31
1780,2020-08-29,31
1781,2020-08-30,31
1782,2020-08-31,31
1783,2020-09-01,31
1784,2020-09-02,31
1785,2020-09-03,31
1786,2020-09-04,31
1787,2020-09-05,31
1788,2020-09-06,31
1789,2020-09-07,31
1790,2020-09-08,31
1791,2020-09-09,31
1792,2020-09-10,31
1793,2020-09-11,31
1794,2020-09-12,31
1795,2020-09-13,31
1796,2020-09-14,31
1797,2020-09-15,31
1798,2020-09-16,31
1799,2020-09-17,31
1800,2020-09-18,31
1801,2020-09-19,31
1802,2020-09-20,31
1803,2020-09-21,31
1804,2020-09-22,31
1805,2020-09-23,31
1806,2020-09-24,31
1807,2020-09-25,31
1808,2020-09-26,31
